1.406643299549297475e-02,1.047803759296679800e-02,6.720055676071568472e-03,6.869049683684472218e-03
1.068052285583525642e-02,8.141119565170265235e-03,3.392813725026331672e-03,3.696506476096131279e-03
1.291463807746584536e-02,7.419740155457324286e-03,3.995710672891913603e-03,2.743772899247672644e-03
8.145722474764255025e-03,7.185190740133457279e-03,7.051130315748657326e-03,3.425959224092098299e-03
9.867226156788439645e-03,3.817850195847275266e-03,2.535713393399118172e-03,1.720584554805099911e-03
1.067272090368065994e-02,8.824376661927067073e-03,5.788215715971860992e-03,2.609974870051418212e-03
1.880279507641436504e-02,7.858999838801132912e-03,5.195257742068878568e-03,2.549623915191245264e-03
4.210445384819714448e-03,3.572176705871348609e-03,2.337630006637495504e-03,2.683320832804571288e-03
1.666576626172390843e-02,1.005323671731194954e-02,2.505665537053196421e-03,2.644574884633290896e-03
1.126099800072177283e-02,1.202355000013153805e-02,4.951183144859852905e-03,2.336019036999910890e-03
4.240615213354540294e-03,5.662265540323846089e-03,3.373944447903036090e-03,2.148070214737932918e-03
1.411644377431331941e-02,1.002986909842463852e-02,7.097921052073688335e-03,2.499396014572207239e-03
9.689056653958704607e-03,8.604438043601383632e-03,5.603249443086496563e-03,2.969036867394581926e-03
1.080667223007104188e-02,9.757586158770467644e-03,5.471067265990879093e-03,3.206151303470369026e-03
1.161614760315854249e-02,6.325602459619526080e-03,4.114543561187575596e-03,3.754669225708109296e-03
1.656172720192552322e-02,9.050466005110448589e-03,2.884935347914010031e-03,2.534942937182317526e-03
1.464334098590503071e-02,9.415580540775406876e-03,5.794172151833813962e-03,3.125726028859733292e-03
1.652069208293330260e-02,8.865981654167397544e-03,4.093418795881064755e-03,3.124082013968229599e-03
1.388936100294720262e-02,1.134062493470721841e-02,5.743015876727470756e-03,4.243157031023947305e-03
1.120105874983391703e-02,4.472695817889702635e-03,5.438754643143884140e-03,2.809361504406771796e-03
9.776490139482780020e-03,4.844107827474327180e-03,3.084454922942083364e-03,3.028565366206346920e-03
9.305256846247660085e-03,4.257783555776036531e-03,2.375703087027144014e-03,3.502866216512046452e-03
6.359540096377198221e-03,7.220611827883351326e-03,5.369198102247383676e-03,1.708889563566410230e-03
5.540197871206612237e-03,3.996437595573853509e-03,2.704061801189730670e-03,2.875638285457161186e-03
1.242705664772044381e-02,1.402436800363903065e-02,8.104493220134959680e-03,2.620683047605701452e-03
9.055632337655380310e-03,4.727640474308003431e-03,2.179465357223239058e-03,2.956044793337404136e-03
1.165275786471601724e-02,6.811688635458228343e-03,6.404058767561677211e-03,1.201736660276079378e-03
7.966718037599185287e-03,6.081459344693231420e-03,6.207674059144139937e-03,2.768286601910825446e-03
6.137555593307419087e-03,9.858586341114715379e-03,4.640846295413004509e-03,2.928029919404328239e-03
9.093210760090062947e-03,7.326449932460703772e-03,4.512393071253287952e-03,3.762431832956915790e-03
1.436261578592702010e-02,3.224723609024668890e-03,3.600427559883759374e-03,2.939628890973963130e-03
6.946312565854361257e-03,8.323670303641655249e-03,2.724499433855464160e-03,2.970004460929474323e-03
1.029837309796131223e-02,1.136139833547710441e-02,7.224409873851208620e-03,5.842765069139751848e-03
2.029765197799306489e-02,1.111913055799296571e-02,4.454092839141628353e-03,3.919988018254826588e-03
1.437177066300959760e-02,1.143763071312710669e-02,2.933736895063025155e-03,3.274502247922639765e-03
7.880862189275741544e-03,2.807778859600272396e-03,3.021652672536180063e-03,2.725491973318541240e-03
1.375712952185280218e-02,1.173960029371915771e-02,5.168831834403722798e-03,3.544822473476154107e-03
4.445780312685834561e-03,8.029335492536177066e-03,4.386537061712767090e-03,2.609705719886669297e-03
1.415089401185023674e-02,1.131317999186496476e-02,6.443911080246064217e-03,3.092458979298903007e-03
7.414006956602346710e-03,4.265747416141001287e-03,3.296897175686189143e-03,7.200014679749990910e-04
8.992021018527760270e-03,8.635959182499942585e-03,2.754220363290722090e-03,2.116461502008843820e-03
8.941497351926440754e-03,8.133353440792051581e-03,4.217304289719909366e-03,3.262853664867021268e-03
7.237549567194192894e-03,1.091204378981412877e-02,6.314950306898981652e-03,3.148899605639005669e-03
1.347674822146895275e-02,7.290124388920997227e-03,4.129876270853511701e-03,1.729634168021928911e-03
2.148987342069973855e-02,4.044317692409376760e-03,2.820020814944563994e-03,2.129218856271563199e-03
1.888982237742505704e-02,1.048838314489612851e-02,6.249382767122568967e-03,4.385465323658294459e-03
1.243391911879433709e-02,4.621978529249646389e-03,4.623167733788003525e-03,2.050753658514563836e-03
1.536763264264945188e-02,1.007063499485967399e-02,6.669731479875499504e-03,4.836162076768538327e-03
6.282745636826115448e-03,1.160199936173258268e-03,2.188084595132687785e-03,1.555275656153837921e-03
9.497370977415259610e-03,4.606433090332770833e-03,4.654959377048781266e-03,2.846010264655491478e-03
1.032742126401063089e-02,8.733979529486962309e-03,6.248806493521637598e-03,3.358382360406531042e-03
1.206084264086165411e-02,5.278434276982755559e-03,2.889958838227087764e-03,1.023513587058238160e-03
1.351257255380717767e-02,1.146010120973139056e-02,3.575224942582448402e-03,3.067130430270299368e-03
1.344169335279467650e-02,9.382256194151396625e-03,2.398367730982828294e-03,1.159230673583715523e-03
1.112028715536290437e-02,8.637729432403649585e-03,4.937857507729064011e-03,3.011079484644391732e-03
6.709047811466977915e-03,3.786436763317759489e-03,2.756059037752902306e-03,1.107238242274557159e-03
1.819695221308121127e-02,5.461534439992643541e-03,4.511785716519347254e-03,4.343960453744356333e-03
1.511992773369390079e-02,5.077927251989894537e-03,3.892235122812048691e-03,2.320316364496330039e-03
1.672999512961689458e-02,1.092704693746397553e-02,6.061239628405518109e-03,4.903194987156282540e-03
1.599438746818847290e-02,1.060314351470957248e-02,4.212605580367127962e-03,2.916032422427286986e-03
5.771230359006247930e-03,3.512839467807566361e-03,1.506770934485201401e-03,2.433802623420756525e-03
1.262784070196210778e-02,6.356192266368761341e-03,4.660076419516586375e-03,3.389261198177883141e-03
4.733046690729675147e-03,7.895110931091284256e-03,5.248397687760128494e-03,3.287873905953211939e-03
2.151254748704389819e-02,1.042227898075728625e-02,1.634328263879778267e-03,1.765139422672278675e-03
1.824756578469503496e-02,1.186392908476642701e-02,6.655212082345283130e-03,5.649734024155948948e-03
1.219597501187594246e-02,4.369848903836857749e-03,2.514732303273061170e-03,2.386012250155760111e-03
1.465605568202470177e-02,1.701433918854293459e-02,2.077573602807693178e-03,2.633893928584811472e-03
8.150068900590567295e-03,9.670905149138393081e-03,5.590746722652911206e-03,4.331825516092723330e-03
3.426619062495055244e-03,5.422252621127025482e-03,3.651483907929873717e-03,3.627440601786333010e-03
9.384435985762348484e-03,9.403351758551324949e-03,7.434743534793204246e-03,6.621437678180364279e-03
1.735394136127351578e-02,1.081812488047430992e-02,5.957905982596387387e-03,4.338050308142518859e-03
1.399852671622251257e-02,6.024800779185422207e-03,2.705367113329631458e-03,3.573528579476092405e-03
1.291045223119101533e-02,6.794003814599798054e-03,6.411745689319517209e-03,1.132978776507137650e-03
3.345900170191237755e-02,1.100124494462545108e-02,3.478361882391056183e-03,1.112828677663564103e-03
9.959039385804490177e-03,5.343796387063762601e-03,2.170506795129146984e-03,2.511983128245713279e-03
1.187474997164719021e-02,7.176356313901222778e-03,3.558064744635096744e-03,3.058851129744857237e-03
1.032709822811117388e-02,1.009246867715188345e-02,5.527370570813225012e-03,2.340259943296536284e-03
1.036369358498656461e-02,3.048956990952316967e-03,5.649980652826485338e-03,4.676585134845815533e-03
2.825473700066435164e-03,4.651706802163596208e-03,2.918970013676587538e-03,3.182805955779644588e-03
3.319151768006889641e-03,1.187242240969175154e-02,4.506911789897624469e-03,5.598061262287908069e-03
4.374998418428463487e-03,5.299251679837914744e-03,6.021513368024137246e-03,3.889514294356008484e-03
1.284369035848801147e-02,8.283420305840236489e-03,4.955675168111909473e-03,3.483013189899409646e-03
9.131467945239089140e-03,9.518619766698549131e-03,5.017905423007527031e-03,3.406940081052108396e-03
1.575821367222694086e-02,4.323880162682985570e-03,1.034579733300078309e-03,1.166574827768712599e-03
1.293545858851105623e-02,7.305237740213873718e-03,7.692906355743787082e-03,5.455513356018100793e-03
3.599562958124059159e-02,6.362082207249411883e-03,1.251111970227519916e-03,1.959793278261888396e-03
9.374756231521565522e-03,4.858452779119088773e-03,2.296502716695594977e-03,3.537819488662024680e-03
6.933181384163369584e-03,1.309835656403568471e-02,4.557485241112569155e-03,3.768966214701424070e-03
1.987384468015407704e-02,1.436153618805345242e-02,3.770817722032624320e-03,3.334019127075483948e-03
1.155826402521356253e-02,6.175549912164757585e-03,4.732978083964346425e-03,3.161746867994462331e-03
4.959826991813356782e-03,3.665060436225173104e-03,7.044216743656199833e-03,4.683185981526527021e-03
1.110679454924373873e-02,5.039978870273915945e-03,5.398723384968593698e-03,3.801076475194534784e-03
1.896694380621468876e-02,9.921044114560963537e-03,4.708645927369086923e-03,2.216879945861996524e-03
1.965810823414803135e-02,1.197314637137840768e-02,6.412682734575602013e-03,3.644383263235033334e-03
2.029221540180587910e-02,2.591769366964938315e-03,1.688551215601353551e-03,8.511574528315934670e-04
1.289102021155095340e-02,1.050422907542108465e-02,6.775588581932646959e-03,2.734267895625165472e-03
1.490612474734318363e-02,1.069828162029894635e-02,5.596991755166787555e-03,4.694355866472673007e-03
1.181666557778361486e-02,8.156512301852596181e-03,3.384571586396367508e-03,2.309197023743434982e-03
2.423960634931152103e-02,1.407476125046328193e-02,7.793150689568248413e-03,4.207712372660850700e-03
1.712282777517130927e-02,1.148422934330423431e-02,4.096375693756895871e-03,1.491623328084231087e-03
1.212280527826778594e-02,8.038161892980540471e-03,5.586794124099766883e-03,4.720737749648656542e-03
7.055906333098685597e-03,1.320755956772143476e-02,4.532277152011834030e-03,3.538934760648989198e-03
9.223964707311098007e-03,8.866632217854554868e-03,5.537262545743359618e-03,2.533821868164296866e-03
4.596017408749797882e-03,4.330186207165520607e-03,2.968593985081599464e-03,2.528943594396462682e-03
7.226546346528399216e-03,3.139993122677199339e-03,2.086435953259687965e-03,2.192352953266937885e-03
4.733104165083172957e-03,8.449084691532006072e-03,4.089820661044786705e-03,3.638343054295188183e-03
7.416413563010502107e-03,8.678209278894262815e-03,4.240134431112501170e-03,3.894833200166433231e-03
1.419356421632145433e-02,8.541444080281969040e-03,6.357626971982233317e-03,2.596140253213815186e-03
1.686887823432510480e-02,7.097862563195400827e-03,6.257163805033511689e-03,4.253342135850116980e-03
1.268418044467987775e-02,1.056247464678014732e-02,3.568463147396781863e-03,3.008282964702688970e-03
1.242015819744440169e-02,9.942684918973704669e-03,4.984546702182120030e-03,2.319049637325698836e-03
1.706276256634585778e-02,1.074040324998871976e-02,1.795253492911435536e-03,1.456593360990495693e-03
7.175595954869796837e-03,3.679434750801103236e-03,2.317382569070089004e-03,3.350622204579037453e-03
1.221401299046224326e-02,7.402595880196134390e-03,7.587558843583279075e-03,3.987171470052461655e-03
1.306699768268319677e-02,9.146586035640256324e-03,3.986018259449240764e-03,1.441866840171966051e-03
1.096145494843063159e-02,7.807686587533325256e-03,2.940921247398913408e-03,1.230407972881926914e-03
9.836145892554147910e-03,8.871731007390802268e-03,5.530499313562491429e-03,3.614618692300868973e-03
1.237369722538481619e-03,4.605948376918430828e-03,4.303610798697100892e-03,5.311023355033393963e-03
1.271052568440659766e-02,7.651118193536891529e-03,5.967077427030444310e-03,4.594165173482280505e-03
1.335040343133059478e-02,1.056394924122258140e-02,2.727044045158453448e-03,1.424909895325217639e-03
1.948678868497231292e-02,1.047887741848323694e-02,5.014941943555752818e-03,3.121010171519769758e-03
1.138124283913689860e-02,9.006823905875377054e-03,2.934576000909673750e-03,1.776689710151734426e-03
1.327248739901552843e-02,1.104081364718216031e-02,9.182213050005357327e-03,4.677312021887727184e-03
1.414289761177522919e-02,1.099799969317009907e-02,2.550999064759397906e-03,1.075616292640912530e-03
5.176035012072170358e-03,5.899755241155157058e-03,2.565167872094248520e-03,3.758820450034547345e-03
1.019935345478225827e-02,5.338519476021139076e-03,4.187621464652109202e-03,2.343510380896544811e-03
2.098434439824454351e-02,5.767130042061303745e-03,4.292728902543086270e-03,3.283109304955249622e-03
6.174994699266443850e-03,5.975975436052930433e-03,2.131724898706231601e-03,2.387310047965200081e-03
9.998015002160954429e-03,8.315191589723117116e-03,1.168998376289492056e-03,2.779739472844738879e-03
1.164426088336035885e-02,3.707973911692682110e-03,7.400026784935136506e-03,5.183146183045043986e-03
1.011506840859231586e-02,8.280206779006206788e-03,4.304779525946790357e-03,3.515311029810327947e-03
1.050291921835585715e-02,3.431558881986116437e-03,5.254665799564537353e-03,2.234595299754386487e-03
1.290163384799646734e-02,1.048861759589055434e-02,5.916950675886456859e-03,1.878303905024288588e-03
1.256040780616803076e-02,6.058553742287935487e-03,4.851308229492213783e-03,4.184737614898858399e-03
1.351505768359129514e-02,1.149674489891118132e-02,5.153122136982376394e-03,2.385598768079054410e-03
1.265455187281233282e-02,1.157282307006474338e-02,1.543369573624759402e-03,1.728441214708612266e-03
1.576075040527961935e-02,1.024198413396891841e-02,7.876620962618218619e-03,2.964313577940112538e-03
2.705119880648528333e-02,1.655967832125333078e-02,8.397646357476131959e-03,4.983521417517762855e-03
1.075526178421674917e-02,4.545946292976898312e-03,3.016502453898524568e-03,2.389577903140625587e-03
9.677039364655502102e-03,7.647902251141158042e-03,5.810626918096916359e-03,4.871923566225869369e-03
9.174106214364976739e-03,6.961382237229943488e-03,3.181616485540500125e-03,1.806571538343089162e-03
7.843808575240876491e-03,3.631119619294614648e-03,3.156439272431340540e-03,2.118435797778124487e-03
1.306032342275710925e-02,7.413310769001582243e-03,7.177554758552230629e-03,4.962425098094263957e-03
8.694226626541734504e-03,6.535477323527176009e-03,5.871696178130027255e-03,2.418960971920051765e-03
1.139251688031082781e-02,8.411835071293487925e-03,2.627866916886040585e-03,2.138555510200292487e-03
8.164892209913895277e-03,7.145363866762980028e-03,7.086156578927697153e-03,8.034129252707183184e-04
1.025162789991889041e-02,1.146856381134534440e-02,8.175261575778167839e-03,2.737062594012519903e-03
2.510699264011249585e-02,6.487384071953213906e-03,2.597169117069439512e-03,3.237349844644517999e-03
1.463520052585753732e-02,1.514410905677176025e-02,5.446557658209425640e-03,4.511674657763938175e-03
1.560168667484042315e-02,1.269510495552573365e-02,4.651836307238289836e-03,3.528179647644353288e-03
1.089833338954915298e-02,6.261711647272382060e-03,5.564721731623149120e-03,4.053278465960774742e-03
1.009192494705772429e-02,7.083390741417882122e-03,4.905011723714197865e-03,3.294405467971069697e-03
1.257651289839820975e-02,9.911421224670436889e-03,6.002487995711889603e-03,3.546418750657868296e-03
1.617794264521143013e-02,6.240307074571719952e-03,2.262650264086357114e-03,6.663342419940312391e-04
1.408259749500429328e-02,5.727733148971366102e-03,3.880203366537205139e-03,2.752562330982730003e-03
1.532649543562061671e-02,6.722461686444162685e-03,2.475735351714979798e-03,2.603159427771827364e-03
2.697682809208052854e-02,1.040207787008880051e-02,7.017167916210305043e-03,5.451234091616668359e-03
9.629358422598335854e-03,8.551494297918599274e-03,4.321085342146768933e-03,3.033223271174616872e-03
1.884216902365144775e-02,1.260139486428490246e-02,5.458260889546906990e-03,3.939122257078125910e-03
6.178209158131576888e-03,7.083238974132499872e-03,3.609828910717789198e-03,2.719116086102527606e-03
6.430406306400840086e-03,4.123057198723910875e-03,1.628744254865231245e-03,1.769648279015489500e-03
9.760179186428671883e-03,5.023484437540814279e-03,3.956866141512276579e-03,1.821750739156381520e-03
4.613772657365677876e-03,6.976619093806896155e-03,4.369730669725480424e-03,2.311224549212551917e-03
8.254515749946960898e-03,4.061420991254751506e-03,1.802463977281796095e-03,2.458188021880621486e-03
8.773339190312156449e-03,2.872303773153568173e-03,1.462213084743270311e-03,2.114377705796002989e-03
5.391762045228878399e-03,4.793490589140344225e-03,7.075760777642403111e-03,4.112985901787565186e-03
1.188656888003724287e-02,6.467588741847734961e-03,4.947004365479625368e-03,2.779723069431487906e-03
1.893677432808175271e-02,6.736016964773047962e-03,2.127137946076409786e-03,2.105564277596037610e-03
9.719275445524151735e-03,7.232474427318874750e-03,6.379776704463899738e-03,1.736924577444961355e-03
1.381381812715445738e-02,1.008010982566696391e-02,4.467431189712923328e-03,3.531552166127559494e-03
9.669261167695352571e-03,6.572974341220336365e-03,4.201739317494717491e-03,3.335857477527475693e-03
1.328811850506275878e-02,9.272238729052492343e-03,8.475463144088242126e-03,3.387368371775224297e-03
9.348395391425503784e-03,8.727708272275298482e-03,6.974503944721296804e-03,2.417723399779371594e-03
1.789198718886358258e-02,1.268112928414065130e-02,6.164088332466832569e-03,3.928746787791007229e-03
7.798564587804599282e-03,5.095160892239468560e-03,4.440313996558481122e-03,3.557570076768954391e-03
2.613841728948778850e-02,6.079632251175604366e-03,2.030350953478897175e-03,4.886283305677737408e-03
1.798573334679307717e-02,1.370767289366383278e-02,6.819699620815715922e-03,4.265320426871612239e-03
9.204016930312733727e-03,1.299892248697589146e-02,7.010169626638807806e-03,3.449695756240881133e-03
1.216586562349520999e-02,6.495585434646248581e-03,3.207754850604266871e-03,2.212846878700089337e-03
1.625118998624931754e-02,1.093811502108485607e-02,5.996818042239945162e-03,5.599250005754992897e-03
5.692840346492862406e-03,7.295471508988677148e-03,4.725921486932668780e-03,2.357598063547961843e-03
9.140236439739032881e-03,6.019035008470246910e-03,2.393327374817406927e-03,6.604956248814355339e-04
6.418105771257590249e-03,3.921616461826420152e-03,3.771202463168338726e-03,2.092549840857188103e-03
1.073665104459605758e-02,6.748359824934746162e-03,3.432417567962115813e-03,3.419417997488415767e-03
1.897061851907085733e-02,3.310772139570987167e-03,4.484751955181444719e-03,5.192014000066655019e-03
7.412803500853950255e-03,9.748946476956722035e-03,4.087401959291665256e-03,2.614239946489203825e-03
8.649007614702960631e-03,6.261153188188836247e-03,4.465969327961617254e-03,1.829870649190899539e-03
1.824756808686409104e-02,1.459459953974499499e-02,4.351228715585856582e-03,3.941599289281240079e-03
8.816708169593755196e-03,7.172966421816099648e-03,3.339904937188871523e-03,4.088346963669444237e-03
2.498435245949715000e-02,7.180861481682635807e-03,6.946045663350421985e-03,4.816158844701561373e-03
1.509839690188653077e-02,1.088002241045550773e-02,7.593044597413077523e-03,3.613600597638826680e-03
8.115529971112507915e-03,6.079539191608727272e-03,2.399305611286374398e-03,2.005441378576334078e-03
2.064651700512694366e-02,9.508504087248691866e-03,3.042865272671431941e-03,2.646312595641815875e-03
1.704402657783670935e-02,8.461026177643334034e-03,2.937446190221300758e-03,1.416532492882874566e-03
1.905675495842523715e-02,1.240132926784026993e-02,3.633060267238561597e-03,3.802306115855657188e-03
2.316082201819399944e-02,6.835773497339249494e-03,3.219805478629986836e-03,3.524687841438894562e-03
2.466729744654675132e-03,3.127541558354018578e-03,1.605025454803221934e-03,2.043508233270077603e-03
7.964056829878244856e-03,1.111053450895541604e-02,5.211007185157184862e-03,3.522782789157313191e-03
1.099916539954461613e-02,9.209129671573376696e-03,5.528270549365906991e-03,3.815761757431582277e-03
7.718358284377413794e-03,4.644964843852393901e-03,3.202006461047631793e-03,2.217165981073647343e-03
2.150026562696379095e-02,7.514629442224317162e-03,5.552799007941472756e-03,3.852401814163162325e-03
1.068733497993389590e-02,6.831024450559331808e-03,5.296965332717908613e-03,3.741049882138310079e-03
8.615997525521385328e-03,6.449165909931948992e-03,2.588854086811797576e-03,1.412475742780695733e-03
1.232592996136133018e-02,9.785795282314648999e-03,7.001718513955662408e-03,5.340979413084191892e-03
1.500413689010892705e-02,9.061503123282695082e-03,7.168115176058924461e-03,5.290458415417659092e-03
7.228899617650124190e-03,3.821755549202977831e-03,2.897800427044330308e-03,1.986821131143476013e-03
2.552329455013717038e-02,6.838994309253577757e-03,4.826419141149748335e-03,3.486815989460695115e-03
1.394694343530117862e-02,5.677580087130249843e-03,4.694943226575856200e-03,2.859755161273473158e-03
7.229568588906858627e-03,6.103299340960752217e-03,4.658835966455587493e-03,1.220561189373929947e-03
1.559271077624787769e-02,7.615608550323310633e-03,5.136322775954241422e-03,2.662839100101254720e-03
1.142443746540002490e-02,5.363046033358746106e-03,7.462386151951987991e-03,6.439035709469479764e-03
1.276287118263827805e-02,9.242781302407123908e-03,3.552576324945142406e-03,1.595335241950698868e-03
1.262557306654661128e-02,9.678788493138024140e-03,5.768019089622029513e-03,3.106340326167568184e-03
1.459976805126974447e-02,5.415449823448263700e-03,2.295275433687553150e-03,2.694713501043575175e-03
2.909943885659317490e-03,3.479581718725360730e-03,4.850672866917942264e-03,3.173656687750696630e-03
1.317219163686373339e-02,8.156074874235232086e-03,4.866629036599804704e-03,4.419247962963164349e-03
1.706682494292111399e-02,1.246489078666010442e-02,2.645069208643945763e-03,2.100612584091879429e-03
1.140782830903558538e-02,5.853177915954443575e-03,5.160880796372650618e-03,3.892520577244748970e-03
1.165119302871107411e-02,4.649005126262984768e-03,5.496207091544387004e-03,2.666190062173349508e-03
8.810939436554570542e-03,4.123895641127393180e-03,1.801610413345711105e-03,2.456087602336949442e-03
1.323566729975030921e-02,6.352878140024488703e-03,6.827062116913184056e-03,3.407624694633771666e-03
1.619758277654886891e-02,7.327991728037237980e-03,2.296488183428166494e-03,1.800243447206793931e-03
3.995504508595924473e-03,3.371526718202633773e-03,1.818631319096637375e-03,2.380089169649182452e-03
9.189852894689150981e-03,3.082424069298917574e-03,7.245850382736998205e-03,3.855065512594624700e-03
1.187963572592874197e-02,5.990695345545601555e-03,2.734475003603978761e-03,1.435540980278805301e-03
1.921856625738997681e-02,1.339124412044589291e-02,4.995265071352741892e-03,1.775216423902203303e-03
2.061929942830941290e-02,7.608419514136326341e-03,3.907536396786302248e-03,2.210414462577076425e-03
1.994639378697374982e-02,5.270290499118561976e-03,4.843467657215720819e-03,2.531537434106307695e-03
2.152226394377468321e-02,6.894186315483270648e-03,3.478598317087056111e-03,2.682656369815349627e-03
1.217924072285198403e-02,7.786841208755117434e-03,3.818003091381012067e-03,2.675652418022334347e-03
1.165914628195200038e-02,1.365488228766522684e-02,2.720835850034723606e-03,8.334521212612464210e-04
6.791350130161855937e-03,7.010651776139427589e-03,3.429546483009528537e-03,6.501347026320818991e-03
1.033498579926969002e-02,6.938643879987158210e-03,3.596288158556365522e-03,5.510337231059541643e-04
1.145493893949315820e-02,1.274704683315110686e-02,6.166524977679700703e-03,3.689982744825953155e-03
9.650622575636577660e-03,5.894913359317837526e-03,3.918943426855148703e-03,4.094376606215426213e-03
2.002427594578793865e-02,1.155298632607959682e-02,4.989561584658627064e-03,3.518612384767630906e-03
1.045028960443567488e-02,8.405595394494926390e-03,6.402566159863921740e-03,1.863517938008738472e-03
2.685084913719389468e-02,7.393066496364377772e-03,2.756711335508541753e-03,3.112248824633752527e-03
4.193365871823797296e-03,6.293900888713256474e-03,5.868927529142147111e-03,1.309489263185468263e-03
1.160766882167556073e-02,8.979500665695102843e-03,6.034002957924509795e-03,4.010613486746928899e-03
1.238260788032725761e-02,9.900959347371451891e-03,2.056597762815990781e-03,2.574944289717804886e-03
2.015989148230304048e-02,6.056389204979737741e-03,5.262089041858587085e-03,3.398764243580943475e-03
1.065805156347372946e-02,8.824899545265569439e-03,4.269654105579580999e-03,3.425580912776530259e-03
1.240271352891767973e-02,1.154911857641752193e-02,6.070353626080000030e-03,4.445200203422459279e-03
9.742485531145336428e-03,2.238937887556550262e-03,4.670292894356432162e-03,3.038979698392645177e-03
3.972792803036051881e-03,5.534375516618702910e-03,7.954595294796395696e-03,4.832956043449562755e-03
8.258401575064204872e-03,1.089344728690714789e-02,7.311575056185743403e-03,5.547532651952888361e-03
1.500952472699924704e-02,4.426727699855328296e-03,4.351818696650818115e-03,4.411805290179942121e-03
2.148348328474609589e-02,7.019770801883336471e-03,6.343435172109514707e-03,4.789001966209229140e-03
1.270411707974200381e-02,8.337823245391453100e-03,4.945308066054742227e-03,4.051013382567862815e-03
1.286461140938246995e-03,2.019407562688664299e-03,1.994311086726881233e-03,2.557774561593694797e-03
1.583536005361207283e-02,1.219599252558293927e-02,6.015056789006605238e-03,2.494563658721702173e-03
5.641765950568159750e-03,9.419844882329771879e-03,4.415425884424681660e-03,4.052129890076523570e-03
1.724861351122446498e-02,1.128283322361170633e-02,2.489488167408392041e-03,2.925428124839746062e-03
4.954319504991241963e-03,1.057414193069429638e-02,4.312050521046616007e-03,1.632099102206182673e-03
1.226198021598422748e-02,6.607911072439831210e-03,5.006343451371251044e-03,1.041393839110266563e-03
8.955107757665213900e-03,1.016369218922552088e-02,2.190825157292772534e-03,1.670086790735301552e-03
1.443021496424141785e-02,5.868096377408373379e-03,3.025385603590853307e-03,2.409099026148365207e-03
8.091183893152326459e-03,6.526615149800379934e-03,4.957815326916155570e-03,2.118449053635931747e-03
5.065304042408299602e-03,5.557001451711311366e-03,4.715431150859573060e-03,2.019676116159668019e-03
2.273415408599054749e-03,2.070338939440673383e-03,2.692274902840061969e-03,8.928008239623779450e-04
1.431191472864314605e-02,1.183960101886863230e-02,1.822676390366493541e-03,2.045908633395304016e-03
1.738965639996745832e-02,1.042435483508635276e-02,6.158670310465185448e-03,1.713272969017963152e-03
1.661937942282458100e-02,1.264555643690274192e-02,9.881259996616868768e-03,6.030750940700249120e-03
1.336254613180943261e-02,8.471386661550979816e-03,6.593064151101014556e-03,3.485570105661811666e-03
5.997577029253703222e-03,5.042246438903018324e-03,1.686983644546023080e-03,2.189919198014817891e-03
1.383163789038749023e-02,6.444477537570931017e-03,4.734222809305253625e-03,4.172153376251464506e-03
9.326274121864814096e-03,6.712133276426488805e-03,4.739708893641269953e-03,3.864235371825432142e-03
1.332301905033940644e-02,8.501776604867783416e-03,3.141936918038628745e-03,3.542429722291721376e-03
5.323516732946055770e-03,6.072760347020050679e-03,1.832012275003138367e-03,2.231970531974070485e-03
1.693249351593212326e-02,1.300046951079725233e-02,6.535719394262227630e-03,4.651951253433892451e-03
1.518704566388089962e-02,1.227169770927375586e-02,4.356872475825728994e-03,3.008924249750264800e-03
1.031891629335587694e-02,7.423127647251046013e-03,4.601822092504231042e-03,2.383331304918467463e-03
1.166272131424154167e-02,7.234821101313602260e-03,5.938780023110696790e-03,3.989342177630226388e-03
1.348209212478398283e-02,1.083442554677315275e-02,6.927235303995813234e-03,4.691867354238023202e-03
6.870293751507302975e-03,5.315345969107962247e-03,7.030084120161358106e-03,4.774331984131373330e-03
4.080387845019442863e-03,2.636290845436799896e-03,2.913602325300646174e-03,2.273768016275900129e-03
4.280012187497093078e-03,5.748318326957072184e-03,8.339449449047776691e-04,1.603857972711272622e-03
1.092064004719899874e-02,5.799774230294373577e-03,4.373674068347693962e-03,5.138346746510238407e-03
2.386764957125658490e-02,1.449125557390042694e-02,4.860834034828593643e-03,3.234748819354262787e-03
1.405914178487921093e-02,1.417373100494054121e-02,5.092469848698682154e-03,2.195681392256975274e-03
1.032037003228415163e-02,1.031693396315156754e-02,6.575756141280689714e-03,5.338138090401009679e-03
1.280983187822948462e-02,9.896894251720985899e-03,4.834099735557419349e-03,1.326153268579928100e-03
6.225447935506557041e-03,9.088290016949877870e-03,4.514603750357956170e-03,4.666571015686491603e-03
8.013035033515554864e-03,5.563717769807104488e-03,1.829459419183332436e-03,3.312367477664434137e-03
1.450195084897987381e-02,4.985696166861731428e-03,5.912383174915352389e-03,3.365484279181190936e-03
1.320629460686894956e-02,6.853702827746756265e-03,3.417640851076167441e-03,4.250663112578619181e-03
1.556750110378942245e-02,6.979556699036429911e-03,3.367883057374385092e-03,5.181685615822796513e-03
5.874651315998106853e-03,6.916107065421472390e-03,2.972410501561314165e-03,1.845672463259643344e-03
2.128568069489558678e-02,7.122695290688004985e-03,2.254935620065936543e-03,1.198693852798106679e-03
8.792342480637191371e-03,6.742036790023153529e-03,3.174311628472817164e-03,2.349289638922476189e-03
9.950640247263324578e-03,4.237449840271242246e-03,1.417035186999763196e-03,1.651434919136300292e-03
7.696483125542250697e-03,7.145340739830531064e-03,6.461491161847027730e-03,3.152798962169607935e-03
9.343851197322620289e-03,7.590433747456847013e-03,4.111252517251428457e-03,2.304697537771756895e-03
2.498376959901381540e-03,6.982596999291308323e-03,4.758218445108820284e-03,3.939763601817043021e-03
1.862566474587508056e-02,1.345319048279850285e-02,6.543872681552472502e-03,6.954638272323452816e-03
2.103403425782714858e-02,1.265296042421918885e-02,4.612637784562462900e-03,5.869629304783944949e-03
9.801145442267919158e-03,4.080302386664424498e-03,6.585146299199229683e-03,5.801702094212025929e-03
1.010018614418473938e-02,4.298299591340139399e-03,1.249821969118148496e-03,9.595867882038953923e-04
1.088634816929238275e-02,4.658928501127063138e-03,5.030155091423177752e-03,3.795878939086207160e-03
8.254400274007202623e-03,9.946445625825351550e-03,2.649622812515779399e-03,3.255504376114506937e-03
2.309290431998982027e-02,5.865976215516271672e-03,3.906654472863632654e-03,3.021894803069472262e-03
1.077416699468175358e-02,7.459590514057040309e-03,6.929680985584279682e-03,4.567665947383561624e-03
1.576281800980115430e-02,1.198492367398530656e-02,4.596563076113497140e-03,2.627150928795789816e-03
1.005092182866731271e-02,5.354927218128266962e-03,5.154857818482202689e-03,3.520910680510271323e-03
1.305562110015625471e-02,8.291172361837443119e-03,5.473657247480456962e-03,4.692577649322911271e-03
1.158127290809478523e-02,1.152792896605498406e-02,5.759738971589303293e-03,3.932446338821321725e-03
1.089499522398235803e-02,9.939404028069705188e-03,4.341024292342199678e-03,3.687008919296387577e-03
5.088402501006661187e-03,5.961845138267191438e-03,3.827381998526929903e-03,2.064988096474372568e-03
9.324016370615174909e-03,6.026901638135538641e-03,1.155046539453182929e-03,2.195092403338368397e-03
8.102851767961088275e-03,8.596022762171497827e-03,7.283797255492423933e-03,2.946837800050772487e-03
8.703474305532291413e-03,9.282046086379027588e-03,2.977090728338049105e-03,3.218649944957102660e-03
2.061928973655576675e-02,6.416074871521233562e-03,2.006626341669110608e-03,5.759845098380849023e-03
9.821242780300609709e-03,5.410680940944063294e-03,5.112763126859353087e-03,4.331802251035795498e-03
9.989537408024596471e-03,7.343002164850802663e-03,3.847511066492172952e-03,2.444378148115830453e-03
1.042425424607093705e-02,2.594575827276638692e-03,6.754931184918308140e-04,1.470227112571904221e-03
9.839141324206832420e-03,2.167278423042254352e-03,3.261650645463856895e-03,2.396329011240572703e-03
1.207919941561183888e-02,4.115962112962096194e-03,3.823652484979205100e-03,3.487138572227170465e-03
2.529534673350010074e-02,9.641754529086934630e-03,6.914045064485698638e-03,4.883906746323212790e-03
1.041017775659122506e-02,1.343533873275191623e-02,9.058177637948559152e-03,4.160332329721366622e-03
2.308633228458132139e-02,7.263519978562974107e-03,4.778851916776820884e-03,3.018747368900629672e-03
2.476792561561779946e-02,5.550206436760696423e-03,4.149736115313632998e-03,3.315944781533301539e-03
8.020298811756688268e-03,5.039842493616004081e-03,3.475599041285850829e-03,2.502063163691901730e-03
6.148652056569440215e-03,5.732724728466333068e-03,3.537203661997416568e-03,2.116118158890949608e-03
5.768960289823004198e-03,2.319531223249030050e-03,6.563472770370399299e-03,4.159268747708639614e-03
1.443323879612949320e-02,1.113287442547590544e-02,8.532943309134998280e-03,5.480547727831523892e-03
1.337691725114810437e-02,7.516900050084689838e-03,5.327494263122904868e-03,4.572720373069419711e-03
1.407697568644146122e-02,9.831755030595953904e-03,3.698628961613268425e-03,2.810345874338298494e-03
2.277322702434538947e-03,5.036919624386064498e-03,2.865256354938040383e-03,4.000941405601745812e-03
2.181578980659552164e-02,1.328668948496081192e-02,3.684086670392962108e-03,3.406092352309401591e-03
1.371574227765321764e-02,8.895160383617690611e-03,7.276643703305965723e-03,4.021235164671435082e-03
1.107241227178103020e-02,8.475834058193965070e-03,4.185483273748093896e-03,1.797053390143895767e-03
6.429687029944557153e-03,5.845107105295527933e-03,3.937824056416589641e-03,1.528634098836274520e-03
7.533878893244643112e-03,4.809547062652151650e-03,4.900641653628055178e-03,1.563187889905009228e-03
5.851529116838150545e-03,7.458695346760876518e-03,6.478221652600536264e-03,3.441479888035843537e-03
1.744106949894319233e-02,1.129641317299447632e-02,8.294694242163490674e-03,4.978277599208809009e-03
1.369613866585149900e-02,8.406824930047027480e-03,3.949202561294248674e-03,2.102528805518253004e-03
1.400382676545437743e-02,7.033808585192475107e-03,4.716707309561441255e-03,2.809154599611996244e-03
1.669204175773986512e-02,1.061930157648914748e-02,3.582953117109226229e-03,3.042374367220913867e-03
1.096471333438938170e-02,5.124163058746925882e-03,5.694609764016622319e-03,2.687795402928077389e-03
2.394863800927543585e-02,1.529467328325906893e-02,7.060018417842734741e-03,4.141803804942159259e-03
1.709854785772297117e-02,9.033677247133931748e-03,4.539639708000598947e-03,2.546166690489993188e-03
1.370854385563547231e-02,7.864788338589827343e-03,6.040832509291350731e-03,1.741466257926816731e-03
4.462717291224744566e-03,4.070902135821677197e-03,1.927941540967444958e-03,1.483311395200893456e-03
1.986457036869189452e-02,7.703552172684219150e-03,1.728334894386088835e-03,4.345861601427448984e-03
3.107545435743745092e-03,2.155671098308050999e-03,4.653155280917068218e-03,3.484503792539324872e-03
1.251722228941049009e-02,8.706584357220352108e-03,2.906225434423046275e-03,1.482229290176948280e-03
6.502307634254145437e-03,3.420838472100421086e-03,2.367807497967047790e-03,2.391282045988658411e-03
1.417281141919593014e-02,7.029305503896758969e-03,4.671100824156376903e-03,1.764330792201659458e-03
9.914688209187194970e-03,2.257910571690052194e-03,2.696909230882527445e-03,2.164447921644936483e-03
1.341470278265451295e-02,1.107879882642148761e-02,2.896276801455095144e-03,3.414209867483463182e-03
1.480265625656167379e-02,8.730360580272636742e-03,6.590716502047911859e-03,2.550071343055693770e-03
7.137719665501602445e-03,4.383840231282999655e-03,4.583804770479799236e-03,3.738699235381586460e-03
1.309647491777179810e-02,1.197396098155738622e-02,3.493804238178489611e-03,2.647914799829779141e-03
1.638007412822830439e-02,1.491027681024033325e-02,4.754996354384474939e-03,2.296578331592275413e-03
1.587026831487141007e-02,7.149895352083143751e-03,7.716289124654592511e-03,3.832010992179577923e-03
1.571061170887361538e-02,1.147275891764941089e-02,3.983901254266633551e-03,4.958553829852842786e-03
1.176446922766434706e-02,1.109791988621135032e-02,5.891202708421658038e-03,3.361387971810863955e-03
1.425860168242564646e-02,1.267705314418475504e-02,3.045240333540704444e-03,2.975356188427069268e-03
6.489514958450283595e-03,5.451981620566416671e-03,5.245828184260396994e-03,2.306960108234829346e-03
1.311897431922113937e-02,8.774796689337642161e-03,5.343184338733901126e-03,3.172549963536757962e-03
1.526177526122630794e-02,3.149910913923252304e-03,5.410242717361306644e-03,4.037426907312526535e-03
1.144775788412258355e-02,6.323859223683895442e-03,4.009368815071473989e-03,2.019005984560031958e-03
1.119637745342957381e-02,9.535141503857961012e-03,5.666576359234839350e-03,4.678324320957415357e-03
8.720905925933173167e-03,7.457311960472640111e-03,3.998999187663127702e-03,2.021648090868690198e-03
1.408419742426082061e-02,3.825471560789761843e-03,2.399834125812612060e-03,1.529669965408446321e-03
9.885887253849735823e-03,5.295728873126599213e-03,4.253587611043665832e-03,4.146738400075444635e-03
1.958597589787020032e-02,1.226246736687288535e-02,7.679088846485412727e-03,4.928828252632196961e-03
5.331310099161576214e-03,6.605491112701769585e-03,3.401047070719414624e-03,2.200570522213602873e-03
1.475278400320114910e-02,6.751872250812642265e-03,4.855974126140811219e-03,1.508161849225156392e-03
6.021388648483093527e-03,3.166061164359123929e-03,5.198511195054966380e-03,3.339262298316559782e-03
1.990672977352601555e-02,8.829674613853975493e-03,6.719416094714154679e-03,3.530272715455365189e-03
5.390248498424381023e-03,4.344075949454904648e-03,4.815589308651053828e-03,3.287217523051469154e-03
8.619307885555056031e-03,9.258934176298631857e-03,6.378308150654769110e-03,4.449588658657447141e-03
1.129652536009523311e-02,6.201170080106704896e-03,2.626171287691055935e-03,3.804103040439762735e-03
9.061667972697603698e-03,6.099120676365003477e-03,6.545049121127114247e-03,3.540802918256175536e-03
1.328188090316741350e-02,5.597907871451146544e-03,4.763168085135812378e-03,2.911729218180154552e-03
9.401922615476896936e-03,5.669856503713888336e-03,5.152767674282163028e-03,5.069374988901555884e-03
4.676305891470998108e-03,5.305486218425316779e-03,5.676852522549975105e-03,3.913610952158438558e-03
1.774252100408190910e-02,1.531016465496125301e-02,1.073635842894416284e-02,6.490357027427365484e-03
1.957028104382969869e-02,1.281924358714420405e-02,5.573183284263298447e-03,2.825456603310390422e-03
3.293268315909284039e-02,4.595072694092499146e-03,3.110688027771298624e-03,2.948580597799744726e-03
1.099636624719938470e-02,1.463198173509948179e-02,6.578792097856560502e-03,2.461345774377235278e-03
1.030910470323084631e-02,7.709778718357345427e-03,5.799158120924792319e-03,4.370036914179733535e-03
1.687053263461188446e-02,8.908183580085729525e-03,5.845370730080147285e-03,3.824271646814938162e-03
5.366758568909198515e-03,5.603816454906013211e-03,2.405125807505243806e-03,1.675041710463654864e-03
2.347512408612245638e-02,5.420962106155572703e-03,7.000948616485067749e-03,3.343366178498261704e-03
8.319137828684290345e-03,8.644517594509945613e-03,2.500928887416102326e-03,1.062224124530448737e-03
2.304666663239272190e-02,1.215789514058662757e-02,6.258079153515561967e-03,5.982651517455831076e-03
2.704522835506167726e-03,6.933406846607078310e-03,5.440646487655530043e-03,3.836077688797381782e-03
7.256313667288965749e-03,6.272947028585890671e-03,6.811748596653116952e-03,1.391296892586255324e-03
2.435465067609830433e-02,8.113087762172536618e-03,3.722853683228992839e-03,2.999284920827593928e-03
1.064798788119996308e-02,6.594010402435068752e-03,4.267732362310442708e-03,3.081082855504630423e-03
2.086531230059421663e-02,1.426627475536781930e-02,6.732371699037256914e-03,5.504277055415794477e-03
9.909604909597401548e-03,6.639250724294766710e-03,4.054983875367879596e-03,2.839913234838951570e-03
7.482416108245880555e-03,6.432593651530105379e-03,3.635946957811774048e-03,2.983740291736107410e-03
1.723221074223424409e-02,3.959330077394226065e-03,6.376793816220483087e-03,5.092394002492686700e-03
7.433154550427817017e-03,1.090906386113794056e-02,6.995383605799692511e-03,3.248767379042347050e-03
1.793950684338670859e-02,4.707336165980224689e-03,3.945513182919068232e-03,1.159388197467874429e-03
1.256521023449262524e-02,8.950622591903815983e-03,5.552021328255747103e-03,4.861173864409240250e-03
7.642132879423606251e-03,9.325973098653123419e-03,4.673002212687190661e-03,4.501249644323770255e-03
4.038729690255305621e-03,4.226525795074953865e-03,4.120715320611108463e-03,3.223441826485177672e-03
2.069930969713596955e-02,1.083916484415137042e-02,5.836954380649133842e-03,1.340113797930521985e-03
1.563750981106105942e-02,7.982737138835122384e-03,5.513147884475712648e-03,2.103444035376498926e-03
1.460983619485222047e-02,7.025410908030995175e-03,6.664028435458020996e-03,3.477499639172173303e-03
1.497122826289984821e-03,4.789483174975009937e-03,2.491514642160460452e-03,1.784313075140102518e-03
1.624058384890032791e-02,9.289698934361070165e-03,6.823233997577901090e-03,5.343169608092827004e-03
1.502143007635482579e-02,9.695347835952014201e-03,6.339444417822834993e-03,4.678499199365692383e-03
7.512352006346539532e-03,5.157923720657851992e-03,6.310287814327041923e-03,1.997118779641576108e-03
9.595738529452281854e-03,8.105007162606004192e-03,9.221523873091511114e-03,5.814968074471162963e-03
9.915937841555049273e-03,7.508737140019129674e-03,3.129150170572015961e-03,2.134815578808897055e-03
3.544669072763064963e-03,5.994401008333499585e-03,1.359394281866245068e-03,8.052199624131313157e-04
8.567288493768341479e-03,6.105181155221775860e-03,5.651342047317100929e-03,4.159392072684886359e-03
1.189342783371910225e-02,7.535395882391268847e-03,4.107655385999191798e-03,4.515150941935257116e-03
1.280553801220748328e-02,8.551731859098313238e-03,3.754220856746347430e-03,2.733038595279390151e-03
2.743362390809773056e-03,8.866576055821844687e-03,5.589250757220040611e-03,7.987747160322794873e-03
1.449830974780404180e-02,5.309828542166835676e-03,2.913670680559246693e-03,3.634038235952132424e-03
1.441927941598708865e-02,1.141206955804234015e-02,5.918970620214690330e-03,4.587501987206371243e-03
5.620588755981343644e-03,6.083985439288490220e-03,3.478006289513627981e-03,2.787351592870373432e-03
1.163097376721934639e-02,7.615188973169081943e-03,5.939851086556638057e-03,4.980477237637511746e-03
1.539885705582326979e-02,4.941738578651561770e-03,1.759304551740070244e-03,2.933362839613962679e-03
6.808745638862858177e-03,5.817169698348527082e-03,1.654095010885224320e-03,5.313041736350646808e-04
8.268054368854508077e-03,1.017886659469627308e-02,4.791086792982878970e-03,2.988803646725621786e-03
1.865728807161807709e-02,6.456366755349465109e-03,5.098103618576803157e-03,3.065343179343252376e-03
1.202869471124447774e-02,1.205888074723576037e-02,8.789779923392079114e-03,6.481397585427106818e-03
1.422204515595693747e-02,1.035166896530939629e-02,6.236568141154119269e-03,1.678701761974129300e-03
8.000022998684816131e-03,7.144262767576147789e-03,6.688886657916670586e-03,4.272919915152132916e-03
8.628684386152723693e-03,9.902521131099089116e-03,7.146488660475568654e-03,4.064872782777794596e-03
1.382917717065094629e-02,9.241467625716264997e-03,7.313929105700950860e-03,2.497355488227948235e-03
2.489181536311706015e-03,3.317906710372514958e-03,4.076069132826252474e-03,1.850087296252906363e-03
1.273202695329861585e-02,1.006661141674362880e-02,2.565724794005801775e-03,1.425067614370848596e-03
1.558205077328731966e-02,7.777856881290878474e-03,2.687138863344261906e-03,1.120553237524365238e-03
5.766872435541092919e-03,2.930067297945253280e-03,2.114935861818055367e-03,1.407439864305195685e-03
8.585064782481685239e-03,6.769905293213510436e-03,4.035216090824116780e-03,3.081660354916718799e-03
3.636253364846982802e-03,9.274672971884133366e-03,4.747471373706254813e-03,3.734801728862931214e-03
3.606696793750062587e-03,6.734611557886136315e-03,5.738839272262768673e-03,3.545991177279281172e-03
1.094963127135380881e-02,1.166119131621548392e-02,6.431197440822961076e-03,4.120393141714269632e-03
2.061231044384231187e-02,1.169600574415549307e-02,2.497251415549601051e-03,1.061747855988714843e-03
1.677227919633113296e-02,4.880671920099458917e-03,2.742211482866828594e-03,5.062606455547750441e-03
7.377620336888417001e-03,6.100241230315499481e-03,4.921744553471728116e-03,3.552826622631596702e-03
2.389936149975902327e-02,1.124270979750322842e-02,4.818722556031778889e-03,2.831594908231243463e-03
1.662732965580253006e-02,3.515466910710511421e-03,1.997422021884273906e-03,4.574723215773241446e-03
3.851586094230810380e-03,2.764386423608062009e-03,1.290754869278558934e-03,2.926147633006665784e-03
1.020325583357542878e-02,5.420710311113957104e-03,4.079473029476980879e-03,4.408855014597617104e-03
1.873501941798949577e-02,9.941218486304628441e-03,3.431119118588779257e-03,7.260398361964719204e-04
1.592843758023718137e-02,1.320784999241092668e-02,4.573072546151472212e-03,1.518399457524108147e-03
1.428788137731787887e-02,1.142419626391790767e-02,8.330931291930371990e-03,4.710789164212038881e-03
1.887542200676319351e-02,1.554098348356881473e-02,4.800123688175292683e-03,2.372101419063297675e-03
8.255551460098913691e-03,7.319214099807741167e-03,6.236889972103533755e-03,5.088523635997891682e-03
1.539700584140969719e-02,1.126099929503037063e-02,6.543859052535497614e-03,3.017480643871557101e-03
1.366412734254686227e-02,1.232353919590355694e-02,9.148847827541320508e-04,1.703710155416911535e-03
1.032812911056996304e-02,4.431632093093988700e-03,3.790759693387912941e-03,2.571808027525046125e-03
1.060741071126592230e-02,3.234990219980407242e-03,4.670795544319537515e-03,4.882442927483035544e-03
4.141804060947692871e-03,5.046307902356259902e-03,2.422881336041224354e-03,3.110994433309086701e-03
9.122417372486306408e-03,6.791810010607299448e-03,4.540472664460896285e-03,4.248441222503944459e-03
1.345060142890737269e-02,1.216258702878019078e-02,4.022688871002462821e-03,3.169312085610575570e-03
1.820724423987712254e-02,1.283701026944601871e-02,3.028800569409368509e-03,3.874106065045744389e-03
7.769250580279142560e-03,6.042699870780097668e-03,6.976544146602392873e-03,4.080044803671543929e-03
1.651339934560492467e-02,6.414948228955441589e-03,3.384227722678326538e-03,3.118101767979536594e-03
1.893426886959492447e-02,8.923568250348351202e-03,5.112492451125849949e-03,3.910409182683749311e-03
8.312757863301205308e-03,9.123235627554038621e-03,9.952764209174265811e-03,2.556191341097792565e-03
1.178189974909741103e-02,7.962186422213066161e-03,5.307809209629405986e-03,2.910870167043555067e-03
1.564487208264321583e-02,5.305207698520577470e-03,3.729533181695175552e-03,2.493813376748644541e-03
9.170462232319195883e-03,7.805776144696505159e-03,5.609810930825714047e-03,4.632604478728741780e-03
1.484724379126031550e-02,1.014351390435915164e-02,4.274157567001414353e-03,3.688883243006042811e-03
1.159386656120237405e-02,5.484896389346001142e-03,4.464607894115409960e-03,6.245160716481006069e-03
1.229704511486665389e-02,8.801390006763391144e-03,5.213275261405266210e-03,4.065416814840947836e-03
7.072798411409821941e-03,9.934800257453432412e-03,7.655283078821433461e-03,1.883302977058364880e-03
1.119945594915584992e-02,1.088495838359513669e-02,8.794919741091507606e-03,6.098464025326041232e-03
7.131451706383214531e-03,5.177688237363138428e-03,2.980984290140681770e-03,2.193444374121318683e-03
9.665242649969140246e-03,7.958046093321364395e-03,3.905033890378357877e-03,1.556532536079289044e-03
6.389074363253199017e-03,8.692104085288398715e-03,6.151936264893620269e-03,3.282478107801557309e-03
1.638032073861312235e-02,6.029342931781411612e-03,3.246710332676097481e-03,2.804367538727030318e-03
1.242313489446723700e-02,7.251682976326552336e-03,7.467984707771806868e-03,3.415942329892672578e-03
2.788361242035734388e-03,3.563187738036230866e-03,2.933247193252683759e-03,2.432378569373838673e-03
1.440204034275069205e-02,9.266296452395676730e-03,4.779507852845830095e-03,3.793240452343849684e-03
2.133969945388847211e-02,6.993858312200773412e-03,2.368353446776020818e-03,1.580577858540785667e-03
2.223240854835131786e-02,1.369721115586614024e-02,5.574160211366393884e-03,2.590474026878460991e-03
2.360499856703145161e-02,1.656525494060561224e-02,9.966561167277593336e-03,6.316213896681098505e-03
2.018218740661467323e-02,5.418917682178194667e-03,2.030711876601039301e-03,8.375775742157536615e-04
1.311153696216761817e-02,7.150815123057367717e-03,5.343352859092699754e-03,1.973565875098129852e-03
8.039832897287784233e-03,6.980234233253815659e-03,4.578200557025601143e-03,2.080362354381342076e-03
9.856402740186056763e-03,9.276817684218627638e-03,6.270050155722042134e-03,5.174492029196624439e-03
8.428089366644684818e-03,1.912052750454261906e-03,5.007866788944210883e-03,3.821657081014171939e-03
5.874035106566637132e-03,7.947190058908057061e-03,4.739737511575295957e-03,3.457733591458717667e-03
9.853937755706818416e-03,9.097534404071681499e-03,6.031436762417450616e-03,4.238303910561395070e-03
1.358795728769891450e-02,8.082072784535402829e-03,3.889983549968571187e-03,3.102133349227680602e-03
1.228466539084431194e-02,8.569485859618072854e-03,5.185355644950508797e-03,3.604219328697674633e-03
2.768298477179423692e-02,9.329905557193571980e-03,4.763992065470186443e-03,2.723477217703991309e-03
1.517116858906655298e-02,7.499940238840338211e-03,5.302508395915275438e-03,3.773987553140490791e-03
7.206904833628989711e-03,5.381651532616409626e-03,3.655703465836786844e-03,3.222738940232481447e-03
1.183480889570448155e-02,8.940522739593491711e-03,6.630268269303043333e-03,4.112873245609891329e-03
1.312642358006916796e-02,8.002312722475479756e-03,1.600098733639354230e-03,1.280146628197497295e-03
1.224095208828108843e-02,1.341006055896227719e-02,9.361630862151750290e-03,1.375986037196880825e-03
1.227046765052880288e-02,1.001519664399142667e-02,5.710583827081543856e-03,4.521891990426269749e-03
2.172183970126787683e-02,1.311070546271964413e-02,8.085754286172121275e-03,4.135656870028912337e-03
1.668320153821096705e-02,9.830775044815824593e-03,6.325694869078436582e-03,3.802586724563868700e-03
3.697075740967315470e-03,2.219335893969001487e-03,2.913219347069368349e-03,2.294296547201447704e-03
1.270741174167672703e-02,5.420553862612711125e-03,2.479596903780539267e-03,6.552450407227693868e-04
6.253603456432041408e-03,9.264851729639022107e-03,1.876312058758018621e-03,2.511437032033548601e-03
