5.626507038532042176e-02,9.403035045392267588e-02,1.456829485316847306e-01,2.020041674857207814e-01
1.237780156642618590e-01,2.122377650197263821e-01,2.943351191888057827e-01,3.709513751053587494e-01
1.996836511274328041e-01,3.795607038288134061e-01,6.055988775167260307e-01,8.507956939594506496e-01
3.875376007006330337e-01,7.002113919417879417e-01,9.775602324619827588e-01,1.225011612235427538e+00
1.428487176659929969e-01,2.623122406395538286e-01,3.611003390126650836e-01,5.198489960256957865e-01
1.538193264998160836e-01,2.753317936733487570e-01,3.774261379001480621e-01,5.282465359353901713e-01
5.546978517616243248e-02,8.019677703440809824e-02,1.174145957101231930e-01,1.596516192852062421e-01
1.052704274177315019e-01,2.500902130584254368e-01,4.079438302741221212e-01,5.570992279165319916e-01
1.172160472334226877e-01,1.779331456417677371e-01,2.382631530307104673e-01,2.974963373422078727e-01
8.178176922625307599e-02,1.427691249898768999e-01,2.124540119587810805e-01,2.902980422427188234e-01
1.605396588744680275e-01,2.964221592386503401e-01,4.490551181061178121e-01,5.738556993504083659e-01
8.951804707919849835e-02,1.431284634237156572e-01,1.966363153825701759e-01,2.488212655289522568e-01
4.195428702093907669e-02,1.087787262366224222e-01,1.962586447039977589e-01,2.698929490888678506e-01
8.713517162026364338e-02,2.147672411104280810e-01,3.424535665933122197e-01,4.804301841734580081e-01
9.057820601272174865e-02,1.812279339605722683e-01,2.450613591237986444e-01,2.883309827337361408e-01
9.657350293305569378e-02,1.586690493661901957e-01,2.138616404867869636e-01,2.613953405278765518e-01
1.788431155163971165e-01,3.314730200091427492e-01,5.128205315930552954e-01,7.234860648868427502e-01
1.880418701559120331e-01,3.643440052467378787e-01,5.633368953242556820e-01,7.475132424933090824e-01
7.757916338312272064e-02,1.870198844765048884e-01,3.101295639980731211e-01,4.456281727610812982e-01
8.660497290960986194e-02,2.155642716372204726e-01,3.579636609408587966e-01,4.816836630813577380e-01
2.592813236684536338e-01,4.714029744794773769e-01,6.695898424662052317e-01,8.549307496136369089e-01
1.500935759904788169e-01,2.930849971979124224e-01,4.346988210927643093e-01,5.958094995878655542e-01
1.359243149788350868e-01,2.377388016932359127e-01,3.358498925895126441e-01,4.317093277450110289e-01
8.431642739960830413e-02,1.332222497317316345e-01,1.804202154605203945e-01,2.236569962958455671e-01
1.779578243392530568e-01,3.145479126799824443e-01,4.442956735007605462e-01,5.677524870049176497e-01
1.508491190341710586e-01,3.305448449551515733e-01,5.376360074741465267e-01,7.653411494906581236e-01
2.264270559943062644e-01,4.646529173061129669e-01,7.516518529013357375e-01,1.070349869233075291e+00
1.492305603903405498e-01,2.813175537847682484e-01,3.988652251206771804e-01,5.562694426188148356e-01
5.294260679504807221e-02,8.460493771396404572e-02,1.346598806804319703e-01,1.992506549631717638e-01
1.105590346527146745e-01,2.046064733386899481e-01,2.977693398313270845e-01,4.211989789928687333e-01
1.254798509489212510e-01,2.145975636703409961e-01,2.945063576576926190e-01,3.683790940458141483e-01
1.182033723206905029e-01,2.015493165981553092e-01,2.802223213118197331e-01,3.547224782268114662e-01
2.263005545153904674e-01,4.031963544254620890e-01,5.659456229075627842e-01,7.170163122850463644e-01
8.500357788600125530e-02,1.823404644591505863e-01,2.928662519153217292e-01,4.054085145543402380e-01
1.731865309055746760e-01,3.361422378171153302e-01,4.938318115785316764e-01,6.826647521404765051e-01
2.550627472642738591e-01,5.157666414742488881e-01,8.364499657618077455e-01,1.194365993815394766e+00
1.129729671804537289e-01,1.909836787697164751e-01,2.666911427984857696e-01,3.396336214723786329e-01
1.767192495014048292e-01,3.205340085288703178e-01,5.240351327305589058e-01,7.493187889322210360e-01
1.257899392768885016e-01,2.230299414144357451e-01,3.175121922393138174e-01,4.091464910427263790e-01
1.480850693941144769e-01,2.995628369496121657e-01,4.734183232590002399e-01,6.534917945386665705e-01
7.589048145142282542e-02,9.645827360084457958e-02,1.194083033949498718e-01,1.436838925835060843e-01
7.461380353439803215e-02,1.452680250988498956e-01,2.165062749891205895e-01,2.866914363232006546e-01
2.125365336733520960e-01,3.814055106717266774e-01,5.385032049359317341e-01,6.851994451702161371e-01
1.658063265249189178e-01,3.186809406398078415e-01,4.633440200378102780e-01,6.422385402548025368e-01
1.637110186533272671e-01,3.003368152911696232e-01,4.861534809431909410e-01,6.891370162421581735e-01
6.678331873229904903e-02,1.275063300408606493e-01,1.872322672419266809e-01,2.442506997828123028e-01
9.511429861643037886e-02,1.764345865011700265e-01,2.683277352210439171e-01,3.698152293681592484e-01
1.387063466139089596e-01,2.699009276545545344e-01,4.199147136195167662e-01,5.922862751007155202e-01
3.829817813270147003e-02,4.295182274173920539e-02,6.805761274687768814e-02,9.843672823355209545e-02
1.029380087901614477e-01,1.636706664092615893e-01,2.313846229721413239e-01,3.045775911269820169e-01
9.096369115988120480e-02,2.313376690734192942e-01,3.709907369666363142e-01,5.227567951545402103e-01
1.112721459317961570e-01,2.162080328189651401e-01,3.298662828644328693e-01,4.608570201868277261e-01
1.578665684892671395e-01,3.166216896618451737e-01,4.827889984956328373e-01,6.798022590723640235e-01
2.119922368555132441e-01,4.175907396328847332e-01,6.779575048349564259e-01,9.689349974310862423e-01
2.626557679129850054e-01,4.696883476113686839e-01,6.560639224553997950e-01,8.243531750229577959e-01
1.009209075402843075e-01,1.655778775519169410e-01,2.292837441643084950e-01,2.908627529039594095e-01
1.383144407636280049e-01,2.792881203828991854e-01,4.299163844983266980e-01,6.040137354515346946e-01
1.425906594688592932e-01,3.024478262068658330e-01,4.840672699580024219e-01,6.778275413231140689e-01
1.867965172449772004e-01,3.497014392352526535e-01,4.917035856302670593e-01,6.662305858587147522e-01
1.048806865151033496e-01,1.745546986231926723e-01,2.464712942545207175e-01,3.183336140293208105e-01
1.012472430154299219e-01,1.459796363289225241e-01,1.928755307214618242e-01,2.418248024716492528e-01
1.637359324621464607e-01,2.835830219505633409e-01,3.945353590036814184e-01,4.997727495918461993e-01
3.129631326812310488e-01,5.665035165479161972e-01,7.983172241068350328e-01,1.012058913582830844e+00
7.025014478870118817e-02,1.579911326623806567e-01,2.589160382848778030e-01,3.707363916310284502e-01
1.667798485552341448e-01,2.757203136606187210e-01,3.626905951661261174e-01,4.326552361057664498e-01
1.546337547743236174e-01,3.385844105146222915e-01,5.448428984472124537e-01,7.676539662106091066e-01
7.972262984500624872e-02,1.414941460961874620e-01,2.099002398400517111e-01,2.856192152044262356e-01
2.143746769671583119e-01,3.799982170684116922e-01,5.329562802799771015e-01,6.739937209153491482e-01
1.993297214559044128e-01,3.702068579500878420e-01,6.029940680817073018e-01,8.601423320570131814e-01
1.189595879226985377e-02,5.085214640624075022e-02,9.451461091827385863e-02,1.336055341886959735e-01
1.198695951803146892e-01,2.242247507931230677e-01,3.385487002172451465e-01,4.419091888331047602e-01
1.098546088530623216e-01,1.771476957205091740e-01,2.520050474835860976e-01,3.321714801987070698e-01
7.873639237029927962e-02,1.209487619240296047e-01,1.622602612415650625e-01,2.017400019581818138e-01
9.824907410820039877e-02,1.677919468154198401e-01,2.324549679865346163e-01,2.917717558699393643e-01
9.649844209550062502e-02,1.505440766627834659e-01,2.120118893343454769e-01,2.784802530430862122e-01
1.829878925469790862e-01,3.403518891126983692e-01,5.297120612062213851e-01,7.558716849143736205e-01
9.628996641404809209e-02,2.198152764253200331e-01,3.484452956837956750e-01,4.870372574490456352e-01
1.069957283023461880e-01,1.814008350993371044e-01,2.554519504138025865e-01,3.285429015520898721e-01
1.064808610701075825e-01,1.787403200026232986e-01,2.527155738755473280e-01,3.267017610040571229e-01
1.544851078663879440e-01,2.894835387100216928e-01,4.247033884281586902e-01,5.590446375599543716e-01
1.645220181661631587e-01,2.895904635729996124e-01,4.076243264046053305e-01,5.199116495331775889e-01
1.273086068278274363e-01,2.186473612548222589e-01,3.021191770452207881e-01,3.809293738067921486e-01
1.190293713519312707e-01,2.010960068645602228e-01,2.807982582664991233e-01,3.596036935574831173e-01
3.499016477743305958e-02,6.505636584052099103e-02,1.051858813101237550e-01,1.495610410207563745e-01
4.646659667086802670e-02,7.412191620821025062e-02,1.156437770074207616e-01,1.598867846210118293e-01
2.534867685727142939e-01,4.497154031617036085e-01,6.217972960704184482e-01,7.742753089713995118e-01
1.273201126088943924e-01,2.246711856717835409e-01,3.305734195979901369e-01,4.438430279427650338e-01
1.411362520409755461e-01,2.410413930976745556e-01,3.593879991297790344e-01,4.975793470300645116e-01
1.414717178233702022e-01,2.663499583612069510e-01,4.454278625478175768e-01,6.555817700716574103e-01
2.403736134012582903e-01,4.397049582809885448e-01,6.283771853965316456e-01,8.070080258017043873e-01
7.541903887891202030e-02,1.123074716428614228e-01,1.468724726387040103e-01,1.780325650258730852e-01
2.427232192410734568e-01,4.656099466215911087e-01,7.439782133427809141e-01,1.043981471523693694e+00
1.661681307088268000e-01,2.931420572797359125e-01,4.156548625079731218e-01,5.330858670205579353e-01
1.397435010606550843e-01,2.794572791853233706e-01,4.532331831700594504e-01,6.419050904609048258e-01
2.346321982497875658e-01,5.146644553527883748e-01,8.347214348663114514e-01,1.195535014538419816e+00
1.209106797541650014e-01,2.323873406390092600e-01,3.447394207860930981e-01,4.844391853522269087e-01
1.485300917594032655e-01,2.600341243279369885e-01,3.666277200207860298e-01,4.666490158986011383e-01
1.149451829082294985e-01,2.685159850123412517e-01,4.362026620324673254e-01,5.984006088250428679e-01
2.420615789915796512e-01,4.356172586273219793e-01,6.144354396790191464e-01,7.803649969110749707e-01
1.527166894340780678e-01,2.682672249003358877e-01,4.044406712646004265e-01,5.627932722472408500e-01
6.405285209345033814e-02,1.594700135517010675e-01,2.584494124965339146e-01,3.579571169352854798e-01
3.100082580217167760e-01,6.967195031416213435e-01,1.142356271007099355e+00,1.664137413030053914e+00
1.524384612165873842e-01,2.651308136648939939e-01,3.719520272327763166e-01,4.731213083177042700e-01
1.354628032586918662e-01,2.228727053127625701e-01,3.100182753438552319e-01,3.958924626128236257e-01
5.074034735658305290e-02,6.978852238816457554e-02,9.931966853306802012e-02,1.304413618463773905e-01
1.264528132369170943e-01,2.135784281953879149e-01,2.961609176852731951e-01,3.742189714977970372e-01
1.817831390820149606e-01,3.264668113347641842e-01,4.607304215313449136e-01,5.857132357015957247e-01
2.703887085101644439e-01,4.862276843732440956e-01,6.799546947952538334e-01,8.547087852833999966e-01
1.195581227839683791e-01,2.715111195062915317e-01,4.594189611756512304e-01,6.822901020227122304e-01
2.702495923525350396e-01,5.618829182973946734e-01,9.260199477383125322e-01,1.370589210506826028e+00
7.573705279817569136e-02,1.092158089777501007e-01,1.513539421230520043e-01,1.977801879645238181e-01
2.829175377777401468e-01,5.110948742697055680e-01,7.194383300909377166e-01,9.101780903863760930e-01
2.118197251546845641e-02,6.606320944216800828e-02,1.168308512130283583e-01,1.649279334468694569e-01
1.153673171092423205e-01,2.378528276525773422e-01,3.902468410905293728e-01,5.684540654805259052e-01
1.545770815032691259e-01,2.673448027972059049e-01,3.780937666784054407e-01,4.838426645080335375e-01
1.741193799217747029e-01,3.043055017710399324e-01,4.241437673220092575e-01,5.346334782101932470e-01
6.995125266508651907e-02,1.061139693106000065e-01,1.426397005217748815e-01,1.777707284665069332e-01
2.335590597807387370e-01,4.725725383461279461e-01,7.727396286597926212e-01,1.070780585515048733e+00
1.223067690745898856e-01,2.318924510153764496e-01,3.507099573798422298e-01,4.681439551474838034e-01
1.124145847222160766e-01,1.789963523425287806e-01,2.530344865498109774e-01,3.321303771698562168e-01
9.730147622896553883e-02,1.679446296679497630e-01,2.442340974988052860e-01,3.220973873300604917e-01
9.589748310552700938e-02,1.359749748270573655e-01,1.765166208076067722e-01,2.161486086555092501e-01
1.859336556198895318e-01,3.112630888016104103e-01,4.166716293738851329e-01,5.100427330257815139e-01
7.749992808582087389e-02,1.225543152139455944e-01,1.759599832886848403e-01,2.324386542642334075e-01
7.796813982255616782e-02,1.064140322935624022e-01,1.398925486841290922e-01,1.759534745619573404e-01
1.195721528391946176e-01,2.096122510283498219e-01,3.021359535893665127e-01,3.944816116139240325e-01
2.897439060193111177e-02,2.918451630901910954e-02,5.566213077991805092e-02,8.455955720056972102e-02
3.775851207527450293e-01,8.490308659536758285e-01,1.400019565362438323e+00,2.064748248042709733e+00
2.021117941930845874e-01,3.969308503053106119e-01,5.943465710384803202e-01,8.388782354111530282e-01
1.107858165714435683e-01,2.143968585110831160e-01,2.811982666284191246e-01,3.290055400382900230e-01
1.142649829087515057e-01,2.066146178365016184e-01,2.977915349649847276e-01,3.862360807599973245e-01
8.983691476271761511e-02,1.378099895686775711e-01,1.914016963535315752e-01,2.479320671147580424e-01
1.783647127130769117e-01,3.079531636376408033e-01,4.212687674510066649e-01,5.206901406972588298e-01
7.194608383650925865e-02,9.707664742028401794e-02,1.284603647457560616e-01,1.632138806763487882e-01
7.835658835295757074e-02,1.364101388509951218e-01,2.030726770020819250e-01,2.774113738463745427e-01
1.479666062252338044e-01,2.788277764122115143e-01,3.941268617678900799e-01,5.536127940579436135e-01
1.103691561265651433e-01,2.558728470319585613e-01,4.029688467145566277e-01,5.588005869956035321e-01
9.223065094591099966e-02,1.508113929536134545e-01,2.090977818836206314e-01,2.710519545195022029e-01
9.149831987330613037e-02,1.451992394970950395e-01,2.077397303056573996e-01,2.740211757298329220e-01
1.347320985097665014e-01,2.457210722352448362e-01,3.625632172180841550e-01,4.829903252337519604e-01
1.662492028822908086e-01,3.017300330593674640e-01,4.644425704873905159e-01,6.562865574040254169e-01
2.836392996438460434e-01,6.031846735708575880e-01,9.699344987990224931e-01,1.376576119405761300e+00
1.146050975896682339e-01,1.767890132416885529e-01,2.441140607171148613e-01,3.166978079332263274e-01
2.362272609965788972e-01,4.241316413339390468e-01,5.977521757765664745e-01,7.587901549286079073e-01
7.550640672364847261e-02,1.182481542682434078e-01,1.698390562383997604e-01,2.255652969582570277e-01
8.871307577541666378e-02,1.398295531979986683e-01,1.866706146675387867e-01,2.293074074233916460e-01
1.340393830834874789e-01,2.327028107429604531e-01,3.280759608652191184e-01,4.206107301035618695e-01
2.063295137686713132e-01,3.661186119963540930e-01,5.139853931284130706e-01,6.506105725098395576e-01
3.555332311888809160e-02,8.696267220731040970e-02,1.446618693050982785e-01,2.048344023905634692e-01
8.095314079911507255e-02,1.693012775546851312e-01,2.648710738341872317e-01,3.626298192071875648e-01
1.944524384277111773e-01,3.433846736078937090e-01,4.805850805405996184e-01,6.073023737241871611e-01
2.681246307959121999e-01,5.265833037770355496e-01,8.559386217956701515e-01,1.230499928341896032e+00
4.184719688156671863e-02,1.073825642374780509e-01,1.913226122295770548e-01,2.537300151959174799e-01
1.634444173321977223e-01,3.068703532167219028e-01,4.893587072027176244e-01,6.850458147340404702e-01
1.106826944676845975e-01,1.683211891981631625e-01,2.294187802069117543e-01,2.933991777694642811e-01
9.471550103776825436e-02,2.264117817759342954e-01,3.533674523592897909e-01,4.878537304771616290e-01
6.011194601038963997e-02,1.492421028913514247e-01,2.395153043996602060e-01,3.280453129933890710e-01
1.562874768196969855e-01,2.862801805459443405e-01,4.280353348786866130e-01,5.471765928496857834e-01
1.979466444249635138e-01,3.741133059379668779e-01,6.063426901488825349e-01,8.637445775215411015e-01
1.568100307018782391e-01,2.727622893963698170e-01,3.853397639832197297e-01,4.936771869427672432e-01
1.828782909501825149e-01,3.401302856865494606e-01,5.255306977047263794e-01,7.423099404774937682e-01
1.993091582489144031e-01,3.555395121308291828e-01,5.023583299683704873e-01,6.412281597410428580e-01
1.518635900377206249e-01,2.711703860091300156e-01,4.100435609824381600e-01,5.682762257557858465e-01
1.229642464018819159e-01,2.105405240243560239e-01,2.798523090888847542e-01,3.898980281327051323e-01
7.658860868552004597e-02,1.106283027464257246e-01,1.510816997703616771e-01,1.954853460891556594e-01
8.471176377288387738e-02,1.349701457194838194e-01,1.854633680354014491e-01,2.343216386967807707e-01
4.650417449778303236e-02,6.471689666643179462e-02,8.604103286124870076e-02,1.084214179241996673e-01
4.472052645381972141e-02,9.408224539374696049e-02,1.500939084415283398e-01,2.089169897837123702e-01
8.549391063124833767e-02,1.423653251666492647e-01,2.007897604511362788e-01,2.597246041864336719e-01
8.498735718697565666e-02,1.348121853584321184e-01,1.820128978730234381e-01,2.260530766307405903e-01
1.276714159449023056e-01,2.279361702659612188e-01,3.243571571582062885e-01,4.603927855389547408e-01
1.034455435637601367e-01,1.727421670948293686e-01,2.419638197001414970e-01,3.135244689690588893e-01
4.357701942426727565e-02,1.037117334911672878e-01,1.699543174095119735e-01,2.391591130387300534e-01
9.534834223902756423e-02,1.575734657870863087e-01,2.274762908305729414e-01,3.020510866934213445e-01
2.570857945442679426e-01,4.622218823883254002e-01,6.481131118233579569e-01,8.173718308114160669e-01
1.222451552581939466e-01,2.506447560592260926e-01,3.936224456826204476e-01,5.576892161202149367e-01
1.342221661591152249e-01,2.438961911016074291e-01,3.652876672214920850e-01,4.974177231456811676e-01
7.737659892761709901e-02,1.173971814899803651e-01,1.663343553526696328e-01,2.206648643262534848e-01
1.889925319075765053e-01,2.764994115559860632e-01,4.531350176609971747e-01,6.640079543740677881e-01
1.897299695456233781e-01,3.468704594986785072e-01,5.623476414484649410e-01,8.007165584768055622e-01
9.880663826540486694e-02,1.603697011303699960e-01,2.199618564777664209e-01,2.762543162258458418e-01
2.362380819439278135e-01,4.161772269141583713e-01,5.774885960856385170e-01,7.223345869171486910e-01
4.895499226779896629e-02,1.064892660031331317e-01,1.740775746948202418e-01,2.488783892335097447e-01
1.857602027125614952e-01,3.825159075123776842e-01,6.168607095353574321e-01,8.745907739067101394e-01
1.567013502562234206e-01,3.042180914188577501e-01,4.434567235833246635e-01,6.224181010682144910e-01
2.102741365733439560e-01,3.747454440918359664e-01,5.272452843358959029e-01,6.693421180148847460e-01
5.989989919170451982e-02,9.788011745193646307e-02,1.495573150206152835e-01,2.073734164997218521e-01
2.035268843150788709e-01,3.477039283214682919e-01,4.694629110266362870e-01,5.729923158954232099e-01
1.913684233948222679e-01,3.428573190393659487e-01,5.115294405800429045e-01,6.983952126977118757e-01
3.062804882464323364e-01,5.505372804608836823e-01,7.683732470771659218e-01,9.633657412577940615e-01
5.261674740569963205e-02,1.132501220863642022e-01,1.855857386700817402e-01,2.655365763319152417e-01
1.582274922671380868e-01,3.651871153554839267e-01,5.848287693020755018e-01,8.223931900335877954e-01
3.033655046558249024e-01,5.483901078690464059e-01,7.727563058128766871e-01,9.793655775565095478e-01
8.937673905613652270e-02,1.474675620365075435e-01,2.063711167346032882e-01,2.631219644886502729e-01
1.353183251362864992e-01,2.668130171214755930e-01,3.998159358298167820e-01,5.657495526031535160e-01
7.345600147268105395e-02,1.520185269943821471e-01,2.419693602916240249e-01,3.416169357371741655e-01
2.162248609753159856e-01,3.864171327071298512e-01,5.454435965342888659e-01,6.930712160731146154e-01
1.468237677941410801e-01,2.564745809606883697e-01,3.854117730181687573e-01,5.339935988194443039e-01
4.930704893601522976e-02,1.358391342581906358e-01,2.189526715934129175e-01,2.976361319768228708e-01
6.470218073847266993e-02,9.621141266070548648e-02,1.281631096839532524e-01,1.597619236146425870e-01
1.866515590740147890e-01,3.595145066087075958e-01,5.165959107621805879e-01,7.211185428194628599e-01
3.792768031579930865e-02,1.143801401534946111e-01,1.872124773432758960e-01,2.562433982968667645e-01
1.328936723326678004e-01,3.087762976550758598e-01,4.985497555110269263e-01,7.040233089334222427e-01
1.946080648000988178e-01,3.634033086587362127e-01,5.695840963094386256e-01,8.190519482641299698e-01
5.173434202494819889e-02,1.093292880847526460e-01,1.749304776154632646e-01,2.415562139613220416e-01
1.491164334143763315e-01,2.841832730883533387e-01,4.186955407206139901e-01,5.997074019972711278e-01
2.005996700564766366e-01,3.580328097795193454e-01,5.059200513667637678e-01,6.455519625777800252e-01
3.958431987852562700e-02,5.396347075909362079e-02,7.349478316253102439e-02,9.472461154575596842e-02
2.147314341437244478e-01,3.847039040943482924e-01,5.431029085332210737e-01,6.913018250172271451e-01
2.211866136522178949e-01,4.375490067939763472e-01,6.974112760828939939e-01,9.382009190033103740e-01
2.130477851295428382e-01,3.764806551447044125e-01,5.185765106554566239e-01,6.440539893775415470e-01
1.441900373442938643e-01,2.485334242840605556e-01,3.491338918305220140e-01,4.454269264049565136e-01
1.228558428191540847e-01,2.463112317278774166e-01,3.869166988157931031e-01,5.488123491500838114e-01
1.128044181698616977e-01,1.838723184594541482e-01,2.462440498745755157e-01,3.025738347627713321e-01
1.201296795228154884e-01,2.837088187512250559e-01,4.625283187118635619e-01,6.592105198783317910e-01
1.328850975259465994e-01,2.221443158864312428e-01,3.017496598579119116e-01,3.723288773914649741e-01
5.227056551736468382e-02,7.981833881831607025e-02,1.210323634719761288e-01,1.662143071327164545e-01
7.050491290805095679e-02,1.082104377613638257e-01,1.557980125078413935e-01,2.081334553061543746e-01
7.573729738513708398e-02,7.303700275274507825e-02,9.738910884399998302e-02,1.219521274891962881e-01
1.771278023198560592e-01,3.120187651320192601e-01,4.362941954115925891e-01,5.514794773464440913e-01
6.507741498591196327e-02,1.121565511330046699e-01,1.640737263678044844e-01,2.196821130340035899e-01
1.458897772887294830e-01,2.527943564506529572e-01,3.551851888401282298e-01,4.527541714234795678e-01
5.395052214198180207e-02,6.738762213076686380e-02,9.258133393648869391e-02,1.230779519619973894e-01
1.570517804501917192e-01,2.695785965439176923e-01,3.713161608841454298e-01,4.649562337540458778e-01
1.172797393007768418e-01,1.956181295060595293e-01,2.700378780781667598e-01,3.400491958857053132e-01
1.550749777502460347e-01,3.140924720399271286e-01,5.103961956986182713e-01,7.266445631588890341e-01
1.601264304114922155e-01,3.092455306220031064e-01,4.990529661502479675e-01,7.039210991463056288e-01
4.938129292223816802e-02,6.347323285988039354e-02,7.819485467340718532e-02,9.293495622224115515e-02
1.707000906659454920e-01,3.004867282651466631e-01,4.221463735935587769e-01,5.353653040418627773e-01
1.622888569733847985e-01,3.039853318304726604e-01,4.626320974429444788e-01,6.361644162550645909e-01
1.157801224195998263e-01,1.932250740630153396e-01,2.678449258098439811e-01,3.395488410645793320e-01
2.172477063549338172e-01,3.691340482813418866e-01,4.944139362737247634e-01,5.991599202589859008e-01
1.294531976478936752e-01,2.053388457075427942e-01,2.857077462100595655e-01,3.707428519170453685e-01
1.194358714872451738e-01,2.194987416725268925e-01,3.176070921021265092e-01,4.495297085929007563e-01
1.041562846251546798e-01,1.709878153280928181e-01,2.380493928762669187e-01,3.037626159824368677e-01
8.806249438387128703e-02,1.575817187441647949e-01,2.363359568804191124e-01,3.238383774203317800e-01
2.318325094699396627e-01,4.163029785701989893e-01,5.839617607444664849e-01,7.371694280654480513e-01
1.167887336141879701e-01,2.674369142398869692e-01,4.303255744638935232e-01,5.885904031060330555e-01
1.084402968107171655e-01,1.811413218784068135e-01,2.508462709921938094e-01,3.174345953812531818e-01
1.464492978942062429e-01,2.622433930865553098e-01,3.536507725431244920e-01,4.992902520651028020e-01
1.056689720161914786e-01,2.377387571449051384e-01,4.018140675919951721e-01,5.978337525229275862e-01
1.356716483938455453e-01,2.646533373106156328e-01,3.922459463953031911e-01,5.430512562534945964e-01
1.337093825873137964e-01,2.370010552415106886e-01,3.252696674782480923e-01,4.626657256210762181e-01
9.109511377554366240e-02,1.455426257855274574e-01,1.980774006303030188e-01,2.485273629969096676e-01
1.768148579323672864e-01,2.913321370828338419e-01,3.808184985737489425e-01,4.517245542878888243e-01
2.530972200681312900e-01,4.508972201764157028e-01,6.297284694343280309e-01,7.907833985148898792e-01
1.380922369084862933e-01,2.493991726093747474e-01,3.622373882289399716e-01,4.778503132712701440e-01
1.352794983228535475e-01,2.971194624190174882e-01,4.770112114107426526e-01,6.693062007236594280e-01
1.366218766545802266e-01,2.823215884041790358e-01,4.418627485341510286e-01,6.222235238964072268e-01
1.066961685649309710e-01,1.929131124770728789e-01,2.885828392437211343e-01,3.960420063589262241e-01
2.519309960136024984e-02,8.117871429462215904e-02,1.375428669374935964e-01,1.896536604410599958e-01
1.015779257004872371e-01,1.682623501145587008e-01,2.329341348778656839e-01,2.955214840849022528e-01
1.322110895484504833e-01,2.929667139609204440e-01,4.896303419180592642e-01,7.317784501649436946e-01
6.462291005635918684e-02,1.012990140471425465e-01,1.403867897526831221e-01,1.810801764740111452e-01
3.882891546828743379e-01,8.948266478165434190e-01,1.526153615154856924e+00,2.325076347719297942e+00
1.552377869942640765e-01,2.701519905227466323e-01,3.807390538330739371e-01,4.865210431702324811e-01
6.067809087218135888e-02,1.148446538292721419e-01,1.743385462564880917e-01,2.322034295678504778e-01
6.396643345235146494e-02,1.093590989748076669e-01,1.562800225273011379e-01,2.025974136265633052e-01
1.473756925815014329e-01,2.463879891511271958e-01,3.287042451012118227e-01,3.979133191545708992e-01
1.498375621391676571e-01,2.950044777825886477e-01,4.709805743873567985e-01,6.571346476303282502e-01
1.716386924190039798e-01,3.032313980562352795e-01,4.272831981466884699e-01,5.449561960341195999e-01
1.735574370837749958e-01,3.100421706716602332e-01,4.438772590758846559e-01,5.744322149751478479e-01
2.641104123407069654e-02,5.800340713429347206e-02,1.047935549533075134e-01,1.524202830209258341e-01
1.251372068629456602e-01,2.255177038706481507e-01,3.284235684963220936e-01,4.353316289585038024e-01
2.809580348524989835e-01,5.628412435797193192e-01,9.222694945921079412e-01,1.329277229440169572e+00
2.467855171473981868e-01,4.477384497095460714e-01,6.377070886825301210e-01,8.178916302092539281e-01
2.317644817068479912e-01,4.237544608609706831e-01,6.095422115446116340e-01,7.896299736617224951e-01
1.146434970028025330e-01,1.918065556513707803e-01,2.617284457838167100e-01,3.251259549271861560e-01
1.383441432016650763e-01,2.553348907397640644e-01,3.670037829550631403e-01,5.171996412761558082e-01
1.990494817844560282e-01,3.436308567562160188e-01,4.708550712549942063e-01,5.821112238003350869e-01
1.292311749537816412e-01,2.212226077498908039e-01,3.087405954413491305e-01,3.900600872886251791e-01
1.548288524518455778e-01,3.233305735542306159e-01,5.173716277016444653e-01,7.244952078884031588e-01
1.573648611004979658e-01,2.843128935052122164e-01,4.118646221573578625e-01,5.421602813267597520e-01
9.460949276030780619e-02,1.778312458342720392e-01,2.749043072487450390e-01,3.859162550030508232e-01
1.398188082826165302e-01,2.380519232777421612e-01,3.271101343963750407e-01,4.083613342080294473e-01
1.155284473566529635e-01,2.056971384635239430e-01,2.986161677443850415e-01,3.956124641516076124e-01
1.487291335666939551e-01,2.768580676211166436e-01,4.161770998460663229e-01,5.353913484572522252e-01
1.456769858228070813e-01,2.535630343282548327e-01,3.549658813914231548e-01,4.510683340640672667e-01
1.375138735243655319e-01,2.525214078929985395e-01,3.727264146043040571e-01,5.003351598399374822e-01
1.590146476852426494e-01,2.805244359130089626e-01,4.002674403202818865e-01,5.175486098551875802e-01
1.019717939436217274e-01,1.818690539950248153e-01,2.650799552031306572e-01,3.546582157845820649e-01
9.547657640481353736e-02,1.689005272904139099e-01,2.454304870806369443e-01,3.344293084685217576e-01
1.553836251864235962e-01,3.458555632925216505e-01,5.584716778823195504e-01,7.889257845074476583e-01
8.904609821322329033e-02,2.153492812077228702e-01,3.504266593306330502e-01,4.585535425344047789e-01
1.706093220721023596e-01,3.500362834581742244e-01,5.437606405135476662e-01,7.701116883679320901e-01
2.224076474268728565e-01,3.662329078249995096e-01,4.764423475679800402e-01,5.616605944208956647e-01
1.059488686887246345e-01,2.528374964795363500e-01,4.085306623145111282e-01,5.779149894017517886e-01
1.663145871562772826e-01,2.823111374655580819e-01,4.563877720421807282e-01,6.460608670984193669e-01
1.322487395426016066e-01,2.258121992399294842e-01,3.164136564538620466e-01,4.007922788734477604e-01
1.323521563357279718e-01,2.267504406840446241e-01,3.172610992921405804e-01,4.033048196668076457e-01
5.948172927203686927e-02,8.211597402782681854e-02,1.046675154289437720e-01,1.270529205348627233e-01
6.852258167447475290e-02,1.423878767344349261e-01,2.357455114252061112e-01,3.285073255647132373e-01
2.572520771525401914e-02,5.928934278260258872e-02,1.028048159368022407e-01,1.434839284604206011e-01
5.318091211026036019e-02,7.225416519800761939e-02,1.009002507219734501e-01,1.304373212196779375e-01
1.001531492524324607e-01,2.454409965124294546e-01,3.907199617444593875e-01,5.462615746802955696e-01
8.858941809476705842e-02,2.090774591946879812e-01,3.410810587563025686e-01,4.606183969081451557e-01
1.171016393652887788e-01,2.679946005394687747e-01,4.337303488666796603e-01,6.161579989233219035e-01
6.106481099474937030e-02,1.237499552707006095e-01,2.070370334310437377e-01,3.079896764052321156e-01
1.163675318991178181e-01,2.048431149681562424e-01,2.839002340991099160e-01,3.957533938842326959e-01
5.402391842693009955e-02,1.432531705634515484e-01,2.143327662554905810e-01,2.719040561538588752e-01
1.088591612260547681e-01,1.963472818237153861e-01,2.908730827725379831e-01,3.920252820266531546e-01
7.092097635283178825e-02,1.561375780690068826e-01,2.525604775731351004e-01,3.610159246267661826e-01
7.373177578017511835e-02,1.967955898664729975e-01,2.598086909088549445e-01,3.111934734272902014e-01
1.811020939061719071e-01,3.568326251676261496e-01,5.794369702489614582e-01,8.277101916042730601e-01
5.306911589893162362e-02,7.807030506122987490e-02,1.046445439205968136e-01,1.313332331938465714e-01
1.156191265189381173e-01,2.392080559658038008e-01,3.952168801880286408e-01,5.787418881128357784e-01
8.442795302665626056e-02,1.968195530897146328e-01,3.250015719935407388e-01,4.514687912292430494e-01
1.891877804880209013e-01,3.386255820390695059e-01,5.528571152839363290e-01,7.896985519631637418e-01
2.123075688085562240e-01,3.799347532595909183e-01,5.388184097670464245e-01,6.886080920039296949e-01
2.112607552573660952e-01,4.528318644125009507e-01,7.493015906484712385e-01,1.094915227781755762e+00
3.199462866401912853e-02,8.460114102743010456e-02,1.437311793451480635e-01,2.015138229224738009e-01
7.106092043504123879e-02,1.728516183531983441e-01,2.580077326704232066e-01,3.308505818277561739e-01
1.256853136110336333e-01,2.175872766099771760e-01,3.047160199151626170e-01,3.875885859386938304e-01
1.478897930646408398e-01,2.556708010311436463e-01,3.778576673415144915e-01,5.156282742952628118e-01
6.449788849774104604e-02,1.069288996369333611e-01,1.569435089965569019e-01,2.086448166804631688e-01
1.218089262891090263e-01,2.032704151847089524e-01,2.784406231065648107e-01,3.470407297476312269e-01
1.082712181274792518e-01,1.766361477069045283e-01,2.361121307426761462e-01,2.872065061293381794e-01
5.413108581416749970e-02,1.074106957972764814e-01,1.740183903040120605e-01,2.531628725933752211e-01
1.732224655481141573e-01,3.038571790739496570e-01,4.291025363129679637e-01,5.480650097583718017e-01
8.975660437737022213e-02,1.582075893435461178e-01,2.361542683841198753e-01,3.204131720827850249e-01
1.011784706931423278e-01,1.488441955421450080e-01,1.992499415386722872e-01,2.503357525326276312e-01
2.103625096637480318e-01,4.198746100134433945e-01,6.822372082880541200e-01,9.755229885672387358e-01
9.985086794124012344e-02,1.424484295663682731e-01,1.852652473734562877e-01,2.275588953519450119e-01
1.197737064015944319e-01,2.358904240784747419e-01,3.622522753687060781e-01,4.850238187832133785e-01
4.757154513369798304e-02,6.876256453099290067e-02,1.087611344146398179e-01,1.569175580342667131e-01
1.153886431438987253e-01,2.302207819705101299e-01,3.629320432281587516e-01,5.164753142940322617e-01
2.158108497674628701e-01,3.785346527675793049e-01,5.201294073382983774e-01,6.443550339346926226e-01
3.237510870814023362e-02,5.958617550188367862e-02,1.033059153161699495e-01,1.483616636829632462e-01
1.135862606543819459e-01,2.047118751424456262e-01,2.973930517889265546e-01,3.940701708554346649e-01
2.226413052521111491e-01,3.979904860878541450e-01,5.609926860585244812e-01,7.129768848430145800e-01
3.434339306783022738e-02,6.797895397152903252e-02,1.093991653652514329e-01,1.465236113075489011e-01
9.914607486893757538e-02,1.721528201436521299e-01,2.467383459790497835e-01,3.197756334795599509e-01
7.988164861172077080e-02,1.346695551139482361e-01,1.922529228842737303e-01,2.485738940283882814e-01
1.099429894871488123e-01,2.289700802771624244e-01,3.573585374902415457e-01,4.922776200896572529e-01
6.764116122537422449e-02,1.183695007758880230e-01,1.829064179445666349e-01,2.543263119301122366e-01
6.729675528743297996e-02,1.053642257265286208e-01,1.513465680044684680e-01,1.991147247699715517e-01
1.489824566811697448e-01,2.572293618414428495e-01,3.595077171401995231e-01,4.552338663889285986e-01
9.536946070175213175e-02,1.354593518624646609e-01,1.121778234414425313e-01,1.536524605148028577e-01
1.465901390730581233e-01,2.576538339397961286e-01,3.655932380395939818e-01,4.704466274549528038e-01
5.435933121673292706e-02,1.359273780601578385e-01,1.976943047396963471e-01,2.441980676371111325e-01
1.146120683086067626e-01,2.279816395646669935e-01,3.126826535655021222e-01,4.016325783581198294e-01
1.294487075448929325e-01,2.171705302519744141e-01,3.023998078471403783e-01,3.822968920777675694e-01
1.044334635339959627e-01,1.730787103812346517e-01,2.401223437314031484e-01,3.041416514015863881e-01
1.021569299950933485e-01,1.744353338880397786e-01,2.463730667896010251e-01,3.173175946070421749e-01
2.351111981077968205e-01,4.935709923712942038e-01,8.018366984648696016e-01,1.148687194331493577e+00
1.096183522433911706e-01,1.839939162313466159e-01,2.495874018592840748e-01,3.098614450449133639e-01
6.207936609173524134e-02,9.850418060660544317e-02,1.368494145695919040e-01,1.763466995822943195e-01
1.592337269192821980e-01,3.166844894229116636e-01,4.730793596472970819e-01,6.659220224401483090e-01
2.809463426165528244e-01,5.087009627414763591e-01,7.195106149580836608e-01,9.155168319832028834e-01
3.209675615773540103e-01,7.379659758950284365e-01,1.235218591785474995e+00,1.832001301389289294e+00
9.340507775312166527e-02,2.119154956269683199e-01,3.332828116248270911e-01,4.615592862909376204e-01
5.537721201042708485e-02,7.449664689399224105e-02,9.363148602490488359e-02,1.122803156546707953e-01
1.990321524501027783e-01,3.741804338341560010e-01,6.111665454055081881e-01,8.737534528112946841e-01
1.469968512971037700e-01,2.534829530724849178e-01,3.521932916509717959e-01,4.441093242404215991e-01
1.030812472497678739e-01,1.875307995921862148e-01,2.798598446432253306e-01,3.763032259685698544e-01
1.139097260710847936e-01,1.917607341385235420e-01,2.632009343418597047e-01,3.287243301744301460e-01
8.944079905527606289e-02,1.271547798146500652e-01,1.656092126419242139e-01,2.031526920112401990e-01
5.564878936107156560e-02,1.001009869876480357e-01,1.494425222481340354e-01,2.006013063318682343e-01
1.313088496547150652e-01,2.572660242730758218e-01,3.838735243078862935e-01,5.383727194968177532e-01
1.869594683736105212e-01,3.714648734544619413e-01,5.977478639096946988e-01,8.440325343723024121e-01
1.355626657342942076e-01,2.339602117968461736e-01,3.279675914167590189e-01,4.175900568006367108e-01
1.453791676203028682e-01,2.507291016556557062e-01,3.504258802256355332e-01,4.446627550733713297e-01
9.760648383359347979e-02,1.646862186757438173e-01,2.338943353349820786e-01,3.021156710171473136e-01
2.379919608466403158e-01,4.836750003552216515e-01,7.892530185467804271e-01,1.100063451562657724e+00
2.410594452859963488e-01,4.797211732940410700e-01,7.830343768568313045e-01,1.124539052389813110e+00
1.113576946252114869e-01,1.874992960693346311e-01,2.625155202027072976e-01,3.360593619657378239e-01
9.867340787657692680e-02,1.457846965185498056e-01,1.964260473865216128e-01,2.497774557102686865e-01
6.194177976454382645e-02,1.167355274799339870e-01,1.865585632080833667e-01,2.683634741294861903e-01
1.988168774419993290e-01,3.802925045961600969e-01,6.071070908033304736e-01,8.854148408408960558e-01
8.104831520211452922e-02,1.626484814301525084e-01,2.556228750992048382e-01,3.571131763171460638e-01
1.127223949113212026e-01,2.088736353951162195e-01,3.147859040767424510e-01,4.466199803220718967e-01
1.889046433046485396e-01,3.369526910920939144e-01,4.791686547496245008e-01,6.151872291444282492e-01
3.304252444038575653e-01,5.944374960944950326e-01,8.293508285557451565e-01,1.038805206580729834e+00
1.190145636851255712e-01,2.498427618033861042e-01,3.953501990829070833e-01,5.512831647777096666e-01
1.749945578444159766e-01,3.852757616028582022e-01,6.294137109122288631e-01,9.034920234009281570e-01
1.300447025961135872e-01,2.287849773159456312e-01,3.387513574423293705e-01,4.570261446730707888e-01
1.117277562850051281e-01,1.700265934133773638e-01,2.277023765385927379e-01,2.835874474602936846e-01
1.644635417163851920e-01,2.909887402539638179e-01,4.107488844917314141e-01,5.248025270452331137e-01
1.416226633128530865e-01,2.541108988771588195e-01,3.406744750963194290e-01,4.806564707691254323e-01
1.523061581735313530e-01,2.851011787920646467e-01,4.610516052460015834e-01,6.533707797279560969e-01
1.184340045810438335e-01,2.202417894471628279e-01,3.635672117973403061e-01,5.219689735020346388e-01
2.760402354496692065e-02,2.259626059860023878e-02,4.707017609507229555e-02,7.411968647098711449e-02
1.581260648590013529e-01,2.827366395259183762e-01,4.248388788384467873e-01,5.365857526594035587e-01
1.805196763715595787e-01,3.508126511209929133e-01,5.063184969473202290e-01,7.062313301557633372e-01
1.410135025924088847e-01,2.576784691163235830e-01,4.227164439522225203e-01,6.052221129550972023e-01
8.137161829798476853e-02,1.875368712319299136e-01,3.101427980826008124e-01,4.309279119012292547e-01
1.496431601365426634e-01,2.548758454599071577e-01,3.525032931359586286e-01,4.412553960156418986e-01
6.988249323367740073e-02,1.763131006960628744e-01,2.930906137644411769e-01,3.959079049100482361e-01
1.336783633635698354e-01,3.205559888833841575e-01,5.515129567577558012e-01,8.283853895278000534e-01
1.890159305240610155e-01,3.346822279382011267e-01,4.674994720972528994e-01,5.886788893499000919e-01
3.704635970934396644e-02,8.094947775060251649e-02,1.327670393762906131e-01,1.880818654787348720e-01
1.804756989336482320e-01,3.196618444158864647e-01,4.512220124338851557e-01,5.745612348165329841e-01
7.478614231688265890e-02,1.517394773096126248e-01,2.412645681589680735e-01,3.399043578046175851e-01
1.363285567857581426e-01,2.404959448969525015e-01,3.323064758397066276e-01,4.164798062580932769e-01
1.845252171355865056e-01,3.725320644144550775e-01,5.993769618734020588e-01,8.463960805877451810e-01
1.579443464084718252e-01,2.616690691931810586e-01,3.429735955123626723e-01,4.090663857459969077e-01
9.024331713811771516e-02,1.294334245406232875e-01,1.706632479922320089e-01,2.126152576786632109e-01
1.894072957449840222e-01,3.419352408710792379e-01,4.865038837097128699e-01,6.236892383258217931e-01
2.406728214533366550e-01,4.632503771529353775e-01,7.558742542877289194e-01,1.085743435786290512e+00
7.152248855657857007e-02,1.042783500936948077e-01,1.465085427630304082e-01,1.948985412817516027e-01
1.151618222555534365e-01,1.825848188927214899e-01,2.572600884799322585e-01,3.380247877227082753e-01
1.154615792952725511e-01,2.566016440687366451e-01,4.106334627590795261e-01,5.737898371216908489e-01
1.495552729386806501e-01,2.673996981163821451e-01,3.794354014321897339e-01,4.835652490875734788e-01
1.183495793679766178e-01,2.874975898536832886e-01,4.745301080473725563e-01,6.847446608134984958e-01
1.641566313388944098e-01,2.880220436609645107e-01,4.066182280002431648e-01,5.201864071673031331e-01
9.704959485833050681e-02,1.564331877138689098e-01,2.134149800032302813e-01,2.694643683765360342e-01
8.472761022701534583e-02,1.202663366193948702e-01,1.597367903958775426e-01,2.019078473135340057e-01
2.256189832895761915e-01,4.051636879029501537e-01,5.727127646141997319e-01,7.300021365110321847e-01
1.911330830038374673e-01,3.309027452647501644e-01,4.564793850185966950e-01,5.686238811734423138e-01
1.464220064620596617e-01,2.553317361446943989e-01,3.603514721659592523e-01,4.592235802818501189e-01
8.789453242818223710e-02,1.370818875000462678e-01,1.828945876928479708e-01,2.253039257195448009e-01
5.782902959087334732e-02,9.929097611784222510e-02,1.425231935718892229e-01,1.845925752003569897e-01
2.216726321315340698e-01,4.820247617883454683e-01,7.770512179645563400e-01,1.104357599543126289e+00
7.706855593388513281e-02,1.449495054394580873e-01,2.246582997622890154e-01,3.114114946955420238e-01
9.987223467032775581e-02,1.773274022277175344e-01,2.691947691766301554e-01,3.544176190252200098e-01
1.317869257419749807e-01,2.210863089193980391e-01,2.969666757284379899e-01,3.617588796542596241e-01
1.397592332677362048e-01,2.929751928224827995e-01,4.845319546272475186e-01,7.141509197319411140e-01
1.460535824746387046e-01,2.499500866314815495e-01,3.489971959289743242e-01,4.418472423349862899e-01
8.015702168312500986e-02,1.168662694085261244e-01,1.588147811658536523e-01,2.025344602695009766e-01
6.241118636290662186e-02,1.130822234706191504e-01,1.688963780353940902e-01,2.270979293210552974e-01
1.105131279382325221e-01,1.870029388181649876e-01,2.728135926977811043e-01,3.654203620250546791e-01
9.212469594496847103e-02,1.618134517928654648e-01,2.393538272580925108e-01,3.205289202681644301e-01
1.643708402991537199e-01,2.801497900964606269e-01,3.797292971096606351e-01,4.694979277817497576e-01
1.069929614081631813e-01,1.678255089220148655e-01,2.349437774342554297e-01,3.065603808973853539e-01
1.046896081733890982e-01,1.746635634260568226e-01,2.432295062465701652e-01,3.108719107468276843e-01
1.729592102722142533e-01,3.657507095048099788e-01,5.919936056174526229e-01,8.406436466153500708e-01
5.758392021616964146e-02,5.791483185693141467e-02,6.116358192408733602e-02,6.869176119359701738e-02
1.029848318930664391e-01,1.813255058452285240e-01,2.662458825607748047e-01,3.554550401073316435e-01
3.667791314674002240e-02,5.591542482810661630e-02,9.268033327014639500e-02,1.326573175342340427e-01
1.416183879162280779e-01,2.444574406479857187e-01,3.372128798054705445e-01,4.205599040240947106e-01
1.662115264912427948e-01,2.895495277226746711e-01,4.043286449199585131e-01,5.102946930583448504e-01
2.100846418195873033e-01,3.731692363700206960e-01,5.236147809401576758e-01,6.632397002636689631e-01
2.282453913575472337e-01,4.251073361158876907e-01,6.257877158661222516e-01,8.345224176307489694e-01
2.158856996499096959e-01,3.816857455795484300e-01,5.276148471561540321e-01,6.565324113698897124e-01
2.799606184042484069e-01,5.098556486901135720e-01,7.239789143667210158e-01,9.239402302320787186e-01
1.306812192636753189e-01,2.499585819040588686e-01,3.694290616717094689e-01,5.169113028294870515e-01
1.369797519280340770e-01,2.363873661955044336e-01,3.306970198416706030e-01,4.201004397817892366e-01
3.625984357225486149e-02,7.030186473572268280e-02,1.218188028153739944e-01,1.785360814132102569e-01
9.800311846552886563e-02,2.307752294085781697e-01,3.696757196163195092e-01,5.216192040736505886e-01
8.378833695759893563e-02,1.312343132422334191e-01,1.771413611430222856e-01,2.211941727062877727e-01
7.586628771652774439e-02,1.252776327201388096e-01,1.781723986960311590e-01,2.333868484883746819e-01
2.032812761255502199e-01,3.607569587388508858e-01,5.079780287260103888e-01,6.448654103361038947e-01
1.246251394833382820e-01,2.279420977518325231e-01,3.290788399509011475e-01,4.519607771018189779e-01
1.161962253700836584e-01,2.444478964130717413e-01,3.841263499675410253e-01,5.330726572766688598e-01
1.443663739311591421e-01,2.521851906678709843e-01,3.701788105418037933e-01,4.658317121207821154e-01
3.381542089030641768e-02,8.451977201041885324e-02,1.429854551409635299e-01,2.197261174232143233e-01
3.207493813442964525e-02,9.812684128599682976e-02,1.694563291866168497e-01,2.409540934960850422e-01
1.454943125372992196e-01,2.500447566644966590e-01,3.506384285171580406e-01,4.464049938171106291e-01
7.605943015739340118e-02,1.004508156086310194e-01,1.285047097218270373e-01,1.588205079110968088e-01
1.326508030662361948e-01,3.089708062015354417e-01,4.939027003039694330e-01,6.937174289660676951e-01
1.285958891998821296e-01,2.234369787798240747e-01,3.145870980352862278e-01,4.016267809933720123e-01
1.614157434925478918e-01,2.836731859379627574e-01,3.984206717236112860e-01,5.040595135652915504e-01
6.185640742965670125e-02,1.293857822842568450e-01,1.928033802830110555e-01,2.492413865786480831e-01
1.792419747492507986e-01,3.522449617452717563e-01,5.692169647635533236e-01,8.054821831643592667e-01
5.106646905149762189e-02,9.321533453923210033e-02,1.491584358783869801e-01,2.096470046066067905e-01
7.391327475454953500e-02,8.989272116093066645e-02,1.062299414548177334e-01,1.223141013794807885e-01
2.670144590495996395e-01,6.008807073643435137e-01,9.789187144595941081e-01,1.410585049529367252e+00
2.078756991610583027e-01,3.698303253647469702e-01,5.204946565524254387e-01,6.611086953649528697e-01
1.190024224062731784e-01,2.062540611833306448e-01,2.925767626857713188e-01,3.769197832119681180e-01
1.636064864616710579e-01,3.053071019346369486e-01,4.293368115967052256e-01,6.007979235040603605e-01
2.080778591998136071e-02,6.912585194687509427e-02,1.249899327727685278e-01,1.798078514583526244e-01
1.899115551914456468e-01,3.695707226045705229e-01,5.510107589894310820e-01,7.813735080611344808e-01
1.749733657449843161e-01,3.399196679810351784e-01,5.475782690437290823e-01,7.720817941322750677e-01
2.254990918571574687e-01,4.530581635811211094e-01,7.422709953126468418e-01,1.101579976486843249e+00
6.355220645507507482e-02,1.088690395858869370e-01,1.580578547952991297e-01,2.097640054556236811e-01
1.241249929385254691e-01,2.108025374797821427e-01,2.962865797842757498e-01,3.792678813425237050e-01
1.812852892638639191e-01,3.197875119773694874e-01,4.458574233678053167e-01,5.611032410447882590e-01
1.162353907686351911e-01,1.939816867985036386e-01,2.693696561325731875e-01,3.423367163099846344e-01
1.410407402285830392e-01,2.522766907933671754e-01,3.561868277643105984e-01,4.563044684230918024e-01
1.265970124705260991e-01,2.154699283613614180e-01,2.911782197561307850e-01,3.584550008586319669e-01
9.950861758185912398e-02,1.458597484624990781e-01,1.962555382076951460e-01,2.509354705570814303e-01
2.431685179191369062e-01,5.187343867915400475e-01,8.320899668131136462e-01,1.176415786824409393e+00
5.638395849022005690e-02,1.239592681429284443e-01,2.013585477528385403e-01,2.884414796242733003e-01
2.468689532355297644e-01,4.991660294473517223e-01,8.153229755007445068e-01,1.202900121933960564e+00
5.275624978680170524e-02,7.231224752776593823e-02,9.314373625139239776e-02,1.144086708432818372e-01
1.728916195901626929e-01,3.089630087547078907e-01,4.411733312294229825e-01,5.684459858493955409e-01
1.467455588950349887e-01,3.135040521290440307e-01,5.085295041624807721e-01,7.220130771496529043e-01
1.617007724484157971e-01,2.924310025348729192e-01,4.481974145001584864e-01,6.320930898656078600e-01
3.786187826480955643e-01,6.648527556820781337e-01,9.030813811060113272e-01,1.102786613776740143e+00
9.163411163688546524e-02,1.661935658478159716e-01,2.522567120529913276e-01,3.454616010357581812e-01
7.273276297792660716e-02,9.069890314003828391e-02,1.109501837531944035e-01,1.315883384902248043e-01
8.041309556833020622e-02,1.478856148367943546e-01,2.242921896619338717e-01,3.097516728104795503e-01
2.188174917796540941e-01,4.219297167542301330e-01,6.819682554682000575e-01,9.661546605888565731e-01
1.104320282384257251e-01,2.341168551529418385e-01,3.675965310214724391e-01,5.112374365891303452e-01
7.251004162881292958e-02,1.234834065586498109e-01,1.688633009552913400e-01,2.076880616665539581e-01
1.440944580852590584e-01,2.638735054610387154e-01,3.973438894482998474e-01,5.107743595119619284e-01
1.860997110725500989e-02,4.463343225511157142e-02,9.291550722739375101e-02,1.431182058127267454e-01
1.555457321947920357e-01,3.085013472756590325e-01,4.608697607027535392e-01,6.389072719775480413e-01
1.602638853913977424e-01,3.150214681288672769e-01,5.049136861982745916e-01,7.135661104346910921e-01
7.826751416698693453e-02,1.632852359173433410e-01,2.654356529200876946e-01,3.733542703349980174e-01
1.133849817252364223e-01,1.858958141724622037e-01,2.630965647837685273e-01,3.421013187344349449e-01
6.551252335814927719e-02,9.597203952719302045e-02,1.255810577922429894e-01,1.529196263132993616e-01
2.927361034917250887e-02,4.648878817747920805e-02,8.120149464684443819e-02,1.158241323971455350e-01
1.053945656322831381e-01,1.547023148488226307e-01,2.041832297234676130e-01,2.530552996774578234e-01
9.489489677692536373e-02,1.530532415583195360e-01,2.181899354941187752e-01,2.868413234226864228e-01
2.906567413006400646e-01,5.957596906426984029e-01,9.756799153857127482e-01,1.407701147016545473e+00
2.840867124288445345e-01,5.794716371096571006e-01,9.412292689964303349e-01,1.348751483721690958e+00
1.159178366230911583e-01,2.820494571151542229e-01,4.574461713829355847e-01,6.517237786312581882e-01
1.809598290817189536e-01,3.212817153030125272e-01,4.537569000735188762e-01,5.792788866997716779e-01
4.219747142276941004e-02,5.146952290385383572e-02,6.375929517653278200e-02,7.826652832019183326e-02
