1.077009896060891370e+00,2.171840366705451331e+00,3.229378109862241608e+00,4.212428831700632870e+00
1.206401044872505102e+00,2.306674538539847941e+00,3.252922264842447841e+00,4.029844659538053264e+00
3.746519210778533893e-01,7.245069541712557681e-01,1.070698229790709499e+00,1.408636052488830170e+00
1.161930938957354220e+00,2.324319256558744939e+00,3.417744597619809088e+00,4.400333609291639192e+00
2.382341430220976386e-01,4.802978946240381575e-01,7.318710819731523154e-01,9.881168001234860165e-01
2.892590442431268727e-01,5.673158260684423304e-01,8.408926041961846121e-01,1.108126535007355029e+00
4.402406383742377693e-01,8.993897952016880470e-01,1.390944346889046557e+00,1.910747757022814408e+00
1.139211887695990910e+00,2.190473941388247248e+00,3.110479974515284685e+00,3.878936440276901987e+00
5.518382532759343873e-01,1.155082912919084270e+00,1.818984915506006272e+00,2.535734321619451670e+00
1.564231312343717373e-01,2.804660064503299854e-01,4.050332154467115586e-01,5.275234411051615835e-01
9.071995261805358979e-01,1.874850257968853073e+00,2.861225569815647685e+00,3.837873032353324554e+00
1.144975747641219677e+00,2.218618207459554181e+00,3.171755946892472977e+00,3.978434062238719537e+00
5.035479970707664732e-01,9.584441447524805202e-01,1.375191620005396631e+00,1.764592222179502512e+00
7.258949379897062792e-01,1.479595458756630455e+00,2.257467452297409416e+00,3.034423042849146768e+00
8.847196149086657968e-01,1.745345948911462219e+00,2.553491146813546830e+00,3.288641561794808155e+00
3.028257592893106587e-01,5.966714869304403646e-01,8.943953923385197236e-01,1.192962092263219809e+00
6.911636585137387323e-01,1.290644904786986125e+00,1.831286889619408553e+00,2.309531892413388743e+00
8.884769025954321053e-01,1.644724763668884204e+00,2.292105285116943225e+00,2.856108097749331609e+00
1.176184155814496313e+00,2.573715723382636877e+00,4.186116480315508426e+00,6.043378935311671363e+00
2.850161234196567639e-01,5.453475837254380121e-01,7.966866894342441441e-01,1.037010724998751465e+00
5.716680211342075602e-01,1.157227917371262738e+00,1.741594353602207379e+00,2.314200816022457641e+00
8.511582587566988989e-02,1.147504624863615874e-01,1.470061119531191896e-01,1.813018620160174732e-01
6.601866068573943869e-01,1.229049090988042714e+00,1.740087556312601924e+00,2.190549129961187891e+00
3.850923893346769877e-01,7.769850615914134506e-01,1.168093374437859655e+00,1.556740236868775051e+00
9.563518543589881737e-01,1.829715845555859977e+00,2.598048459956480816e+00,3.257453818359068887e+00
4.134650621529645242e-01,8.497363461875421242e-01,1.312168869304590979e+00,1.786959324715131636e+00
9.382842652155144458e-01,1.720351512922368764e+00,2.379533620200667166e+00,2.943994491907651501e+00
8.815769301273665981e-01,1.739833264581646555e+00,2.543723715076124492e+00,3.274481275274352399e+00
7.850109656832700011e-01,1.665904121892120449e+00,2.621151477158799814e+00,3.654328009923712983e+00
5.022189393079224962e-01,1.033282407785415913e+00,1.595694823448811084e+00,2.200699657016402799e+00
1.322784729017331795e+00,2.772944067477280949e+00,4.321228902283487550e+00,5.866437807462789422e+00
3.482866244191684668e-01,6.623153440677189696e-01,9.643053798315991409e-01,1.255016865588794106e+00
6.063032541763572203e-01,1.268952481927111187e+00,2.001776565560634769e+00,2.802162848630773251e+00
7.616798522229949464e-01,1.417884630844115312e+00,1.988905563049606862e+00,2.498315059130575833e+00
3.974984659184582769e-01,7.610680979410712199e-01,1.104066825359140580e+00,1.426022859272245258e+00
1.146340197523826321e+00,2.134979106435025642e+00,2.896086957755509950e+00,3.341474481763397897e+00
7.738704105603013694e-01,1.638534674486721521e+00,2.568563137011386388e+00,3.566844953777544180e+00
3.415038440371518380e-01,6.955984740288574386e-01,1.073216947769582763e+00,1.469767945395925590e+00
8.250664947337552624e-01,1.623294874004966415e+00,2.370286215286260489e+00,3.053248306713280957e+00
8.770775632401146549e-01,1.772706590091692958e+00,2.643036424928319583e+00,3.461624057725436465e+00
4.381917058174888968e-01,8.463272173002760468e-01,1.244390775704283136e+00,1.628915726340545378e+00
1.944823074779920835e-01,3.592356732754737880e-01,5.257245168885744668e-01,6.905860046854646050e-01
3.572238860567772956e-01,7.069649013899281798e-01,1.049411791054578158e+00,1.381825515273674920e+00
4.660509304531733621e-01,8.887609977311603515e-01,1.278690325947973161e+00,1.646237444244956327e+00
9.318249200829736845e-01,1.968352221150915460e+00,3.134208258913743439e+00,4.426137882207263452e+00
1.234336277755108124e-01,2.380137939105400890e-01,3.599452565748690880e-01,4.809757662094908404e-01
6.096614344574716737e-01,1.273843053068128395e+00,1.975547362971795229e+00,2.718591029106586454e+00
1.069817069160321710e+00,2.264871391238963749e+00,3.605878998559992610e+00,5.078755826148260155e+00
7.060714486897439190e-01,1.330934678254505066e+00,1.895991118577313284e+00,2.394176156288344348e+00
6.638850824429506359e-01,1.264824309653366230e+00,1.805297589699488503e+00,2.290148250730278168e+00
1.018401240999764923e+00,1.922750143210414375e+00,2.658693182619869866e+00,3.170198789680802154e+00
3.086906118489981532e-01,5.978375675423498459e-01,8.891162223107498264e-01,1.179103182360197399e+00
7.670659606349871096e-01,1.434089322355201590e+00,2.028103961343993955e+00,2.543260384373418503e+00
5.723052437664920555e-01,1.199999235715750512e+00,1.872673527882014133e+00,2.599580271030542011e+00
1.145117268518888398e+00,2.067032329603967877e+00,2.753301828221336400e+00,3.196957100106873284e+00
9.959969298392781223e-01,1.889214034717509039e+00,2.632700576181276286e+00,3.168823310124643022e+00
8.175572948793689010e-01,1.653872700268298468e+00,2.499402110962913426e+00,3.316627332644066062e+00
1.886833805021409238e-01,3.401748680855169460e-01,4.906511146292359404e-01,6.417054287820344038e-01
9.256833054734897592e-01,1.720602879733098556e+00,2.408724537888089490e+00,2.969826331031786282e+00
1.176252765805536393e+00,2.324603882784312514e+00,3.376874379274828808e+00,4.229964917556461756e+00
6.008216910634524011e-01,1.147794288760997095e+00,1.652463752760021443e+00,2.110124124697139170e+00
4.881985683472417348e-01,9.714587213093708318e-01,1.456618422133728608e+00,1.936899821142472167e+00
2.570844941234683989e-01,4.872832809283079158e-01,7.115032801177155752e-01,9.259994881931353783e-01
1.581495712967971867e+00,3.210227040818305344e+00,4.713872627017364536e+00,5.859346549476892818e+00
1.183090172256789696e+00,2.127187905885011610e+00,2.866097799806293533e+00,3.450399603822477790e+00
6.072924429408461666e-01,1.160629499640956741e+00,1.671638763280888673e+00,2.135409734899176737e+00
1.110231065127634809e+00,2.091625423426759500e+00,2.925746714294536588e+00,3.608478360082314484e+00
6.409110228763696959e-01,1.284415134620759513e+00,1.913433250942611297e+00,2.515000560812035157e+00
6.281992028722768184e-01,1.252085944227788961e+00,1.876540447538569856e+00,2.488781791600494397e+00
6.868216354277648650e-01,1.322330111214964354e+00,1.904528016217844399e+00,2.431570555900465003e+00
5.520513153054615874e-01,1.126115914427997078e+00,1.708040677073399349e+00,2.284900003729382512e+00
5.594873660210131217e-01,1.048073316013981904e+00,1.499287242539718346e+00,1.906208923047392867e+00
3.967823845444068964e-01,7.601744088348818540e-01,1.100592697148896626e+00,1.417407121367183720e+00
1.006171907651388420e+00,2.157957790203012038e+00,3.432062797406746135e+00,4.827346260480353202e+00
6.054004824191042688e-01,1.174496773573878938e+00,1.704922783616798609e+00,2.195128777775509299e+00
4.961138841870746941e-01,9.834987368550269782e-01,1.474385957844075223e+00,1.962740704222494026e+00
7.191402361928199705e-01,1.397252017327251350e+00,2.026233410190054318e+00,2.596803778188006007e+00
3.025519321227715386e-01,6.227571085444129073e-01,9.637748202689501165e-01,1.321749956425083417e+00
2.109074002109487811e-01,4.034829693125992489e-01,5.935445608341779478e-01,7.788625875104071561e-01
2.115209384991756369e+00,3.389732407089423472e+00,3.067958585570076835e+00,1.752469893525583355e+00
1.291696602801757576e+00,2.557862812888634707e+00,3.716134346857074888e+00,4.729342446667935462e+00
9.226509203138851811e-01,1.713953731985496276e+00,2.392986735543044308e+00,2.959801875907273949e+00
8.688292364045413496e-01,1.614696601504886697e+00,2.263439322108306673e+00,2.807185261995791770e+00
8.770905268202480176e-01,1.655494687586346769e+00,2.338837814827463113e+00,2.933460278346680994e+00
3.290170665415199647e-01,6.237981036586421890e-01,9.040065469587540425e-01,1.175297910600980211e+00
1.156519564136976541e+00,2.530694314445491866e+00,4.123923607600216812e+00,5.961520912600092537e+00
3.971562293429758417e-01,7.550768167600566683e-01,1.095685148205737258e+00,1.415068308520693652e+00
2.414146209119165665e-01,4.924939868828105971e-01,7.532280060798995924e-01,1.022062633183851599e+00
1.089266891052026454e+00,2.361975808144524791e+00,3.812485147600963131e+00,5.451634079493211438e+00
1.038627579100463327e+00,1.962225490875931344e+00,2.722563195789442059e+00,3.266549417853658266e+00
1.770673420046391111e-01,3.207601104937425895e-01,4.635142203060216848e-01,6.037875157260074177e-01
4.920737026714553930e-01,9.318959424403888692e-01,1.337701068161741169e+00,1.718580731358369196e+00
1.862468587152852073e-01,3.797872202961177224e-01,5.805284401269376060e-01,7.854557792866069255e-01
1.068203671083758577e+00,2.220374459781638610e+00,3.399058997720797670e+00,4.557132728570653768e+00
7.497985204356963918e-01,1.578688617185298071e+00,2.459078286127072133e+00,3.391637765811422511e+00
4.461822014985922236e-01,8.516604576229649393e-01,1.236076250022230205e+00,1.594988134434193183e+00
1.186674241267453994e-01,2.112330456409545754e-01,3.078293420492506649e-01,4.055848893758302598e-01
1.068661860320023749e+00,1.996841433325575732e+00,2.729743959036106116e+00,3.227667374238523124e+00
7.710851041643901338e-01,1.632238211900131741e+00,2.559365866939168122e+00,3.555651956473267816e+00
1.127595238123889620e+00,2.460371385040344805e+00,3.993579345050456642e+00,5.750157608522269648e+00
1.145736419889429092e+00,2.200956071476240616e+00,3.078771948623796995e+00,3.661561962101179901e+00
1.684221086824091218e+00,3.352357463842129182e+00,4.843362245993469095e+00,6.071739179430188926e+00
1.088394709994182197e+00,2.240877114323298169e+00,3.390540614175035827e+00,4.508754665634235437e+00
8.853753842482526837e-01,1.680976556990718018e+00,2.378312259420825026e+00,2.926962625268098694e+00
3.847496037525987012e-01,7.342398910164271708e-01,1.067438875135490628e+00,1.382775966848286631e+00
2.578571143337645144e-01,4.827038330902442276e-01,7.034915137849866440e-01,9.124398454617020926e-01
1.587782385123906570e+00,2.913546018564727724e+00,3.923984244173041702e+00,4.628923386180805899e+00
5.422570118409536510e-01,1.034606774380488536e+00,1.485008442058449285e+00,1.894107638192196186e+00
6.660023610796231841e-01,1.327280108008881632e+00,1.980948972715809830e+00,2.606655515324843186e+00
1.378066172240575593e+00,3.047946916615897894e+00,5.016404743121666066e+00,7.321659446399468862e+00
5.136167609468620388e-01,9.795713486497029665e-01,1.410319478485161149e+00,1.806627869022655597e+00
8.662829978649857487e-01,1.677904892344715737e+00,2.404912809278772823e+00,2.993417399918512967e+00
1.211659680892049229e+00,2.226938535927286633e+00,3.050044700453132140e+00,3.684932009727489355e+00
5.580163330595733218e-01,1.160977274204360921e+00,1.820291894587018122e+00,2.529051113230962322e+00
3.952650214831546216e-01,8.119379812788384276e-01,1.257638404773759877e+00,1.731793059098891696e+00
6.739969381255294101e-01,1.284685990745328077e+00,1.836903011168467215e+00,2.331367902924340374e+00
9.340680952504960555e-01,1.724905807990531503e+00,2.384756376839499925e+00,2.902755958169715100e+00
1.062042056406169888e+00,2.011451156010936270e+00,2.819816825249205294e+00,3.421764647381788205e+00
3.603664763885885969e-01,7.469623890888189566e-01,1.164125832769703495e+00,1.608952501659972167e+00
5.795678310587371040e-01,1.216871982087765591e+00,1.911645241161619380e+00,2.655799585592601986e+00
1.042285008189739459e+00,2.242894013730166503e+00,3.586220534698059126e+00,5.077820275132197025e+00
1.902106915057917291e-01,3.455655621051040849e-01,5.009728737186488479e-01,6.581133101596853274e-01
5.873877477663450586e-01,1.108229709717925004e+00,1.575939047797071169e+00,2.000135476252576705e+00
9.941248707126041362e-01,2.049380077502088948e+00,3.154284478820242210e+00,4.266932072818534927e+00
3.268069166732600062e-01,6.330252160892014812e-01,9.293706332030642336e-01,1.213263175029809293e+00
4.539410328604340794e-01,8.905412323795298679e-01,1.325173483366209437e+00,1.753373904308922482e+00
9.610767500141731423e-01,2.039618051739589433e+00,3.257572750008090878e+00,4.607340479879022510e+00
4.092301747654835120e-01,7.976766215869645071e-01,1.186618251086521525e+00,1.572957275521716269e+00
4.843989505062393230e-01,9.922752385941920883e-01,1.538001769600747304e+00,2.116863058659776975e+00
1.209478542492688602e+00,2.237662437870505450e+00,2.921764799998411544e+00,3.081839451260810492e+00
3.859073257021981562e-01,7.339122867014182816e-01,1.060999687368028743e+00,1.370187232378604847e+00
2.546087741584677766e-01,5.193573498171503156e-01,7.910217894078946932e-01,1.068661947959201219e+00
9.063090169840268828e-01,1.918499371224382966e+00,3.058176422063962452e+00,4.319581769742181443e+00
6.272440132518792844e-01,1.208342550357891065e+00,1.754872634202824244e+00,2.260484372580815915e+00
7.405979270234182010e-01,1.576562219756520111e+00,2.515659910602833893e+00,3.552710628242348179e+00
1.218511460254485979e+00,2.547295698751712578e+00,3.971501498926618634e+00,5.421743130484937723e+00
1.525993800053768723e-01,2.658355661905644207e-01,3.797874260519667478e-01,4.921706860987338783e-01
7.828585472664741918e-01,1.632387761494387357e+00,2.523221170434875482e+00,3.449822466037799629e+00
6.334374786586126627e-01,1.320024878916521871e+00,2.041129108398968661e+00,2.792588167896534745e+00
1.072355416954884344e+00,2.128745695955364781e+00,3.113821409956226915e+00,4.001442389607842820e+00
3.584218284706981450e-01,7.191171472885315996e-01,1.096690865500006939e+00,1.482192034071633469e+00
4.206188465398809084e-01,8.658031296131594168e-01,1.341875661351873195e+00,1.848901594310101926e+00
4.335341201648869602e-01,8.939466869088604772e-01,1.383087365247445133e+00,1.894335650565711626e+00
9.292196984880182198e-01,1.947855475157252991e+00,3.072835847586069313e+00,4.292355369958775313e+00
8.354560541656896877e-01,1.597533617733430944e+00,2.263627090231705274e+00,2.793308064863748275e+00
5.873740115295364994e-01,1.131972341912464985e+00,1.635883354113675692e+00,2.082015569938092447e+00
1.546927565373139357e+00,2.993106882478682618e+00,4.223588733977861054e+00,5.209881122173485757e+00
1.225965880793527862e+00,2.233737534249014889e+00,3.043493105491600570e+00,3.661409425459801525e+00
6.900738280143505765e-01,1.362902112909810448e+00,2.015878421399129206e+00,2.627903183454180613e+00
9.566111759054735098e-02,1.698354181767265381e-01,2.529964333264083653e-01,3.408015435723306674e-01
2.468005051930855509e-01,4.832325719310142653e-01,7.247018480822987607e-01,9.690369022472410387e-01
5.876339382153382696e-01,1.208123544447622377e+00,1.861692444695639326e+00,2.558559115726402045e+00
2.411156181670416343e-01,4.478209203686628892e-01,6.568279389657754042e-01,8.588420267226767324e-01
5.402620414144156946e-01,1.016622173863500844e+00,1.463752125324361719e+00,1.863375916938047272e+00
1.448978285917761566e+00,2.837788050881071111e+00,4.056905990484803937e+00,5.066160957256845343e+00
3.772385138027669615e-01,7.636555935039103238e-01,1.153044919406516877e+00,1.542748420108985608e+00
1.052822352725417465e+00,1.918671325591337018e+00,2.627220683233614906e+00,3.216242466255519350e+00
6.450613100365593100e-01,1.356462779082576953e+00,2.118274725207880405e+00,2.925536181736775099e+00
1.232159075917323543e+00,2.618477204072045872e+00,4.113031045607770331e+00,5.691538920433151461e+00
5.791171580115049844e-01,1.174012100820690518e+00,1.791249479487061258e+00,2.412702460504327906e+00
6.778366105347771731e-01,1.414460627582318164e+00,2.228940791918180064e+00,3.124585691445277646e+00
3.559299915653157953e-01,7.258530268774953109e-01,1.115479799878472456e+00,1.516432151502548287e+00
9.239591154515138793e-01,1.774356208625494258e+00,2.528614281192175905e+00,3.182240501100670027e+00
1.120004235978226292e+00,2.457809286028674656e+00,4.028759543305358015e+00,5.862047226810288336e+00
8.349543464928013137e-01,1.562252495930589458e+00,2.187746099751408657e+00,2.715452529983009899e+00
5.125781970432256029e-01,1.072248800079394160e+00,1.672242471462999092e+00,2.302209141273901416e+00
6.630544884513052128e-01,1.286577669085157138e+00,1.862842338459248959e+00,2.389225858048030116e+00
7.796718154041928361e-01,1.470887611680771201e+00,2.078955750846508188e+00,2.609944218830385854e+00
1.258792706938938188e+00,2.727868989143697132e+00,4.386283237802855339e+00,6.241671120235336545e+00
3.300426436373459782e-01,6.750886518424425997e-01,1.027302683304938791e+00,1.381121152517079897e+00
8.261321470077177542e-01,1.523265775163811897e+00,2.124044103345047230e+00,2.644742412896635031e+00
5.192642811113434842e-01,1.062406543342568455e+00,1.610400706410177740e+00,2.158025807160222520e+00
1.070312978740617149e+00,2.003903459800596476e+00,2.797438916539050968e+00,3.453038157103627270e+00
3.951569501939872220e-01,7.625247712926996879e-01,1.111478382337913740e+00,1.441937275978337762e+00
6.056789220947438324e-01,1.197040489400664320e+00,1.761645347445986554e+00,2.293669515656218572e+00
7.050084653868664564e-01,1.451961991403836638e+00,2.249955343469549618e+00,3.086140875610286827e+00
6.949045351196830866e-01,1.325405115961290514e+00,1.900548804719989660e+00,2.402424223715213802e+00
9.135867198393485822e-01,1.820721891491368538e+00,2.681772602836631325e+00,3.476378274146622260e+00
4.171548325178333072e-01,8.207923405849570919e-01,1.225110808848891120e+00,1.624898939947198917e+00
1.581534900609811167e-01,3.007811685759300691e-01,4.516226090227679069e-01,6.056111997436965932e-01
5.765602914544842861e-01,1.130233472491618096e+00,1.666393893142745997e+00,2.173377907069419024e+00
7.247313968128987760e-01,1.381436262146025218e+00,1.960888268394414435e+00,2.437733777383566114e+00
3.542427222613596105e-01,6.980093865850389712e-01,1.033528280832590296e+00,1.358359506860982169e+00
5.286830968720049873e-01,1.095880417211388069e+00,1.715583075080656661e+00,2.381924132130733618e+00
3.700926494952500034e-01,7.036001327361429691e-01,1.017082767541796828e+00,1.310052849842531897e+00
5.338332010050713672e-01,1.002801507216775967e+00,1.433763401160234263e+00,1.826232420068481854e+00
1.217187032838991767e+00,2.445736099294358201e+00,3.609317446603059754e+00,4.665019138197581405e+00
1.405798730316975886e+00,2.492497009930501495e+00,3.317158168238984572e+00,3.896361365053663040e+00
8.821242703187935907e-01,1.772476540055806460e+00,2.626868933495239311e+00,3.422849124607116433e+00
1.149180647237196817e+00,2.085679827723552204e+00,2.812427066235398954e+00,3.316451755414676850e+00
7.758479934792943400e-01,1.634183357162338091e+00,2.546507217854395932e+00,3.514288759589612177e+00
1.148803852816738358e+00,2.189224953242226768e+00,3.025888954963340538e+00,3.531768699574567627e+00
9.845254924785149520e-01,2.070106041434336852e+00,3.277556405118805749e+00,4.595568452847596852e+00
1.299943768292468382e+00,2.428596955234836763e+00,3.354051292027161235e+00,4.070518763670329498e+00
1.284204825738415545e+00,2.717574027191444586e+00,4.233957588598531885e+00,5.788278615052239395e+00
1.164707196976952241e+00,2.118738738244168474e+00,2.888212215367707003e+00,3.497050026954152013e+00
8.130470131864735439e-01,1.719615184990359369e+00,2.691534646398464847e+00,3.731811567212011571e+00
2.740684159584283464e-01,5.633054470893881227e-01,8.648996876706694925e-01,1.175635621527103103e+00
2.865998140707978759e-01,5.732666077368500090e-01,8.624952472820979210e-01,1.151267090260218229e+00
7.532795254066492197e-01,1.475499722387975332e+00,2.151656840671654081e+00,2.773346301011121895e+00
1.680349448804246304e+00,3.643136104286441856e+00,5.806242601564028050e+00,7.986462356864021395e+00
3.396162794160570986e-01,6.524000981523467857e-01,9.497013237376765726e-01,1.229783289328340246e+00
6.223543923425252089e-01,1.179761965566912041e+00,1.696488267921296256e+00,2.167179952199829618e+00
3.506852118252922756e-01,7.081589010631289538e-01,1.079757678727216730e+00,1.472282082246383350e+00
3.758311626669028627e-01,7.694725147208272276e-01,1.187265526077346145e+00,1.628430328858384346e+00
2.273835625837913599e-01,4.545152629977605163e-01,6.901331600179652082e-01,9.292119337092143994e-01
1.149032192895362181e+00,2.087320962766858301e+00,2.845506960634015314e+00,3.446509409573959903e+00
1.473486648440343494e+00,2.669688048753070753e+00,3.366232944930634297e+00,3.368991206785825199e+00
1.238021825043026103e-01,2.234568164593938311e-01,3.270153647039816813e-01,4.306157939993190409e-01
6.763671390875943823e-01,1.419000051465733492e+00,2.247632206867323568e+00,3.160256414912331557e+00
3.524460949532309817e-01,6.702175663186159538e-01,9.704736032204723806e-01,1.259435903863602713e+00
5.912735569934460811e-01,1.234877103021242650e+00,1.913406523193360353e+00,2.628766723286987794e+00
2.577369496690792294e-01,5.136419409954102733e-01,7.723042247085333267e-01,1.030292640797206616e+00
2.763024257023524721e-01,5.715851382173990913e-01,8.792959337140378029e-01,1.205440740843325864e+00
3.015505938754718951e-01,5.705367411551841572e-01,8.306701150653600374e-01,1.081292165571232866e+00
5.959774841180525140e-01,1.119522477999365329e+00,1.602015382497313345e+00,2.034612442998013027e+00
8.665061943285263801e-01,1.743429483037444605e+00,2.608306477895107278e+00,3.407986876959417266e+00
1.796497351083851113e-01,3.403131315739943430e-01,5.022252239068607516e-01,6.630322258737708641e-01
5.882660651834268339e-01,1.118581964039799148e+00,1.603363658820409210e+00,2.031419024174262677e+00
4.482938050146090259e-01,8.535607854332430966e-01,1.230145443703697827e+00,1.583740554649152310e+00
8.661735767130857022e-01,1.618278372375371754e+00,2.277898831769906707e+00,2.863964331138942665e+00
3.658193259614265780e-01,7.407635358437605344e-01,1.118548264936007675e+00,1.496614179765946018e+00
1.280170656103084559e+00,2.544274304303289824e+00,3.703499254310647526e+00,4.717096120394960401e+00
2.990195224356568815e-01,6.215029600063227688e-01,9.570294281874883735e-01,1.303670145338325481e+00
1.572535563773781231e+00,2.676213317900298261e+00,3.155976253137718679e+00,3.098337212595460244e+00
8.928550766640348524e-01,1.644594650810700998e+00,2.281385682237354828e+00,2.831566478747293836e+00
4.606099445557382266e-01,9.444231563103764326e-01,1.465857971864380049e+00,2.023319874874268898e+00
5.109689690442754673e-01,9.675226447856396517e-01,1.383988686956056924e+00,1.770223314374498758e+00
1.427101553986179550e+00,2.527181822357746022e+00,3.353015140391459870e+00,3.929217215375210959e+00
3.552249813954597157e-01,6.955686790685509102e-01,1.028225043589894971e+00,1.350949414950234573e+00
4.713998688674832516e-01,9.655953852962980699e-01,1.466247596604940195e+00,1.969529961475528390e+00
5.700749854128032146e-01,1.203136185616013876e+00,1.895087147687087192e+00,2.638206588407678410e+00
8.610104441923371876e-01,1.616383111854764465e+00,2.288278911191699905e+00,2.876973418162872775e+00
5.476434625037860382e-01,1.116021143936855919e+00,1.690195744285992063e+00,2.257431058793991863e+00
7.746358961406542010e-01,1.466903484283584413e+00,2.080783216188422546e+00,2.625663250054757203e+00
3.788308064724867363e-01,7.788002013376116306e-01,1.207414310452420647e+00,1.664571683626301590e+00
7.135868976083470372e-01,1.382886509664785102e+00,1.998243178366300832e+00,2.551847838852786321e+00
1.218356224350548578e+00,2.634954281289179967e+00,4.225815827834807692e+00,5.995304772771477886e+00
1.661355716017972328e-01,2.957640843462112645e-01,4.261714787684037220e-01,5.584280267006664911e-01
4.994733053604034079e-01,9.561590542612847798e-01,1.389525848858276458e+00,1.793580170768050763e+00
7.472059030654086831e-01,1.397526842665084867e+00,1.969502282817138905e+00,2.482981655864984205e+00
1.086930902506759944e+00,2.298293688610118402e+00,3.589270852307381965e+00,4.940842393629177209e+00
2.818381311144161350e-01,5.465776259964053585e-01,8.179267771096596640e-01,1.093534449337631997e+00
5.234063271396169892e-01,1.003113437528661001e+00,1.445700227886320688e+00,1.850573732000140303e+00
3.957620046921607182e-01,7.476191435061106949e-01,1.072609550295186231e+00,1.371421305031660376e+00
4.708962707554678051e-01,9.659823063604452420e-01,1.483183874958516668e+00,2.034427546958290201e+00
6.035685137202723149e-01,1.216997872112791867e+00,1.823474126796760908e+00,2.411186453327676116e+00
5.208605903761703848e-01,1.030975564705054914e+00,1.525214895572932772e+00,1.997699691878270789e+00
1.034155894481890048e+00,2.257762146629786137e+00,3.674398863281346461e+00,5.310633413060728891e+00
9.279718047890749277e-01,1.860583491606065953e+00,2.749159717106612444e+00,3.566818730100524970e+00
5.710804779602092207e-01,1.082165303967602688e+00,1.559939910610438796e+00,1.997278500473633978e+00
5.858819857913916129e-01,1.168659773061060170e+00,1.753287077905712366e+00,2.329111208000370414e+00
1.191875711699494494e-01,2.265822481116672449e-01,3.414878731742005402e-01,4.593242988126242099e-01
8.260413847156183875e-01,1.559218391454307850e+00,2.203817946450498777e+00,2.768544114686925628e+00
1.539893330747557743e+00,3.040073148766476496e+00,4.354073170199732168e+00,5.405991279318598686e+00
9.392631167663824110e-01,1.762261869467178999e+00,2.436419677278747642e+00,2.918568993580250126e+00
3.112227157887432205e-01,5.907868139289051967e-01,8.539414017851953975e-01,1.109918020726464949e+00
8.748274833084781488e-01,1.795431621029424774e+00,2.727640237395265288e+00,3.649842573040418703e+00
4.073123587658548650e-01,7.751767590653332318e-01,1.113011304204796659e+00,1.432935432577825186e+00
5.216602895224781156e-01,1.039212751994166295e+00,1.562114555567392538e+00,2.083419873366336272e+00
1.086594806968814442e-01,1.739936431589182431e-01,2.438383741420196704e-01,3.141417975184868649e-01
6.995122390601262730e-01,1.484067771953380355e+00,2.356546177156439992e+00,3.309901910310586448e+00
1.064317133724672626e+00,2.022186898226045138e+00,2.845418803186567924e+00,3.530916591947456329e+00
1.026718233624531074e+00,2.085384720361446842e+00,3.126732695030207676e+00,4.113097038544217376e+00
8.066901371640956553e-01,1.692042308344833490e+00,2.675986719945655512e+00,3.754261397973629677e+00
1.259222488069659196e+00,2.504723976969024157e+00,3.649947684732349540e+00,4.656526827557401660e+00
6.878390560391031139e-01,1.288783515507556432e+00,1.829426299654451249e+00,2.320814506409129674e+00
6.812099981126367165e-01,1.271201711444482463e+00,1.800894226059623238e+00,2.260732106236215788e+00
5.513074776787509901e-01,1.052287510067513310e+00,1.510975109780160475e+00,1.937698651252295790e+00
4.388014120359689518e-01,8.316786992250314592e-01,1.197183348639990541e+00,1.528217317891707117e+00
6.173421516759184380e-01,1.270836473738088612e+00,1.938208476355434584e+00,2.612494806242548151e+00
1.278813142558909322e+00,2.637902137419839477e+00,4.021991886162865626e+00,5.311486789444323620e+00
3.899837766581180643e-01,7.731834491499534057e-01,1.147405395886377910e+00,1.509924814529386872e+00
5.416072076371930555e-01,1.096922700453854649e+00,1.653441107080877215e+00,2.199395741532276460e+00
9.441100031405192938e-01,1.736058361799913463e+00,2.398210072888200539e+00,2.963490014344404511e+00
1.103251158697674761e+00,2.148334434241140123e+00,3.086218935987483647e+00,3.892293779401835518e+00
3.257513857950263270e-01,6.663894279519997355e-01,1.027771220272171160e+00,1.405551349135348849e+00
1.226100671242170259e+00,2.260589541264531377e+00,2.996266215712862113e+00,3.316557232190781246e+00
1.133726717254873062e+00,2.264254415417072064e+00,3.327104346510978417e+00,4.293752268454783305e+00
1.454691214780460040e+00,3.255892946594422188e+00,5.438858742426000425e+00,8.077022165071728210e+00
2.578196192604789161e-01,4.796196278581704719e-01,6.999461471012559111e-01,9.095491449411258200e-01
6.725466931410231108e-01,1.295980512224388592e+00,1.870286445300223255e+00,2.376689473036856182e+00
9.651057684451420648e-01,1.794475679605850971e+00,2.511740858008471466e+00,3.103452170934778653e+00
1.289607848201640428e+00,2.554248383295378400e+00,3.681765318100923778e+00,4.499549545230539849e+00
6.014406715035078843e-01,1.141658128851776866e+00,1.635312677337544152e+00,2.090151906464266851e+00
9.986335254691250940e-01,2.130142435600833828e+00,3.362863922649355963e+00,4.697424143971705490e+00
4.325359272936568633e-01,8.260019219070746654e-01,1.198954147190347541e+00,1.552531223172745278e+00
4.841473190127676962e-01,9.287926058051694245e-01,1.343694340093267714e+00,1.727987772611869977e+00
1.116615363903847857e+00,2.240769830995731127e+00,3.307301202827212183e+00,4.277281567142001251e+00
8.636606754307042388e-01,1.855093866248481715e+00,2.960839179521375097e+00,4.191665144559839185e+00
6.532889626286911833e-01,1.238397190950069060e+00,1.775700716521892764e+00,2.265262685832343248e+00
3.813489994932002802e-01,7.277180579836700636e-01,1.049132873447308878e+00,1.356380046834675168e+00
7.460608792605498696e-01,1.400031274335223008e+00,1.986011579118126980e+00,2.521893601760184733e+00
4.876682060556427056e-01,1.013653518799804143e+00,1.571836089978201567e+00,2.149810309886002191e+00
7.047045395328978001e-01,1.394134198439058281e+00,2.065266129750588320e+00,2.698542529559430747e+00
1.302210274716347538e+00,2.611274764107641477e+00,3.794692620370529124e+00,4.677683008793230179e+00
8.311115725336936100e-01,1.569405769023055841e+00,2.217601413978331326e+00,2.783382172857369330e+00
1.594021100397464696e-01,3.092827491580199539e-01,4.637092606365958436e-01,6.191575630874405212e-01
8.497328755639633746e-01,1.798693191854784379e+00,2.837654953169014505e+00,3.953091550664361797e+00
8.226627046936761944e-01,1.537797291212657624e+00,2.167632053739887876e+00,2.709873815071015102e+00
8.839662475883045545e-01,1.678054214353601026e+00,2.360783785761859210e+00,2.902330685169275171e+00
1.096154806492347866e+00,2.005876346188976367e+00,2.751172144154325760e+00,3.356279354275918170e+00
5.776088765964741967e-01,1.179491778053625595e+00,1.784527576732218623e+00,2.385928512880040486e+00
8.930999303895585939e-01,1.855720758434506568e+00,2.897040869868694024e+00,4.003454511003150529e+00
7.909894940186671386e-01,1.549812040162892313e+00,2.256048782266284469e+00,2.896487472102598826e+00
2.039733984183211279e-01,4.030600053012732831e-01,6.051115809860267980e-01,8.065195596687203539e-01
9.281741848549357465e-01,1.716337245680598755e+00,2.399051023017259254e+00,2.962485245910474241e+00
8.479746568792582151e-01,1.582249800362605763e+00,2.230085831528402007e+00,2.787547475246225925e+00
5.376712898209187186e-01,1.122253066134510258e+00,1.740373756547055617e+00,2.392433249001943540e+00
3.545572815641678810e-01,7.366104631617674814e-01,1.138406804016452778e+00,1.556528400865872186e+00
4.808565445666123650e-01,1.000813542705292436e+00,1.555497831715585200e+00,2.132883215592873416e+00
1.398524274766519193e+00,2.461062048002768066e+00,3.199637872301985819e+00,3.630585070742558873e+00
6.127810757256437757e-01,1.151405276563929103e+00,1.648027647515844851e+00,2.094876358501407854e+00
6.044510478432020273e-01,1.130938216370950489e+00,1.613520999259653754e+00,2.040140605054510115e+00
4.017045068841850197e-01,8.309143148886375396e-01,1.286139518163183837e+00,1.767896848882208882e+00
1.218388125669828570e+00,2.385904792757244763e+00,3.386231127119149864e+00,4.037610201270440236e+00
3.576105128587689919e-01,7.426660989450785122e-01,1.146066564620817907e+00,1.565229167051169101e+00
8.760913340605632760e-01,1.658120317580483283e+00,2.344025218410341171e+00,2.932699816020699846e+00
1.437581861963408203e+00,2.824037062103626816e+00,3.976618378051216762e+00,4.591297781529730671e+00
1.295807192034302280e-01,2.436174282059511420e-01,3.644195009506877025e-01,4.880234111671545305e-01
9.235028716230424539e-01,1.894922256631641488e+00,2.884505578994958519e+00,3.867618433923820209e+00
7.878401404590403834e-01,1.669515958004714307e+00,2.626324339278059750e+00,3.658898372445143821e+00
7.065894844660312035e-01,1.350296614099044445e+00,1.932317075361700498e+00,2.437581833518647656e+00
2.029671786959136859e-01,4.127816101322121511e-01,6.276724724278627265e-01,8.495147562746144798e-01
3.967853254692339515e-01,7.551083909017726192e-01,1.087106871954610421e+00,1.402849571564291908e+00
1.381707795505527470e+00,2.635825757975561068e+00,3.691224937634144609e+00,4.524854214061042157e+00
7.459469193995563741e-01,1.482529837354150448e+00,2.189173038132902871e+00,2.852035204968928372e+00
1.146803208490517090e+00,2.213952859404558104e+00,3.154243453209248038e+00,3.942265375854216547e+00
5.061045962703587531e-01,9.616521684980893214e-01,1.381663912814555140e+00,1.766884377696803954e+00
1.601029088011846513e+00,3.257740325098485989e+00,4.817744504020700091e+00,5.976261793310028381e+00
9.193544249676630642e-01,1.748362455567623819e+00,2.453668139504014079e+00,2.989276695592310240e+00
6.717603049295813866e-01,1.358503384690829652e+00,2.061267960076440975e+00,2.758229100203379858e+00
1.545138222519877869e-01,3.124203974605155865e-01,4.754074918551211559e-01,6.412751974477215455e-01
1.126479970211237802e+00,2.261421493374228042e+00,3.335928829160521136e+00,4.314886023422932482e+00
8.493946729748791391e-02,1.142408125085760534e-01,1.461754499870647761e-01,1.787728356130805774e-01
5.005667101246890072e-01,1.048857191594070093e+00,1.636768038640094236e+00,2.254789685053245840e+00
6.284229123564356589e-01,1.246287488765800866e+00,1.838644881760876038e+00,2.397710262788168123e+00
3.943779131254354087e-01,7.928426352598689775e-01,1.207918369191022245e+00,1.635732678701597553e+00
4.631003747595042186e-01,8.803978066502062827e-01,1.265547376536799495e+00,1.628044512080103479e+00
8.574894097962546535e-01,1.665703637474013288e+00,2.388603675006105487e+00,2.968073562100755680e+00
1.424066683046964377e+00,2.594597050517585490e+00,3.251524083835379830e+00,3.124267191294285873e+00
1.888096331711783815e-01,3.675102293705693191e-01,5.453392311159203087e-01,7.199458591618111969e-01
2.750468182539626549e-01,5.211129803962369911e-01,7.605548178571082119e-01,9.858764424378270164e-01
2.990314995448983826e-01,5.718021783994292617e-01,8.325188376507876020e-01,1.078802020652806393e+00
8.167316577131101818e-01,1.578221292730706438e+00,2.270121406160914734e+00,2.888881332884484454e+00
1.156220447716648225e+00,2.149713254597837242e+00,2.974772772103305485e+00,3.633268905843563878e+00
6.813084202038761916e-02,8.021475045538783988e-02,9.614648410027486214e-02,1.142177397621995105e-01
6.028569771623224494e-01,1.138568907901619465e+00,1.633342146455172728e+00,2.083845844405650460e+00
7.161111575488998682e-01,1.346654317566789771e+00,1.912774096474088692e+00,2.430315472839285285e+00
1.032825286261592534e+00,1.986482107124421859e+00,2.814029317119921547e+00,3.448546416891069999e+00
1.164983395184217008e+00,2.236289764996550300e+00,3.167819271878227205e+00,3.938973693522113795e+00
6.646509037752978966e-01,1.268008956361122097e+00,1.818402033989212407e+00,2.294508127032167000e+00
4.850562451954714138e-01,1.002072005726962978e+00,1.546422025011046086e+00,2.105652519701455727e+00
9.447849395962013563e-01,1.774279026676170767e+00,2.470185577687133982e+00,2.978010654024547232e+00
8.736617252000490330e-01,1.865399341441981163e+00,2.955579678512229247e+00,4.151659371245907337e+00
6.375532470630695947e-01,1.190307755133404477e+00,1.691043273175427020e+00,2.135230873405090879e+00
1.071497782452550007e+00,2.024791930462222389e+00,2.797138017564891221e+00,3.321832791972791910e+00
8.623837435346388691e-01,1.771365621538264934e+00,2.725492594518108103e+00,3.699462042959287711e+00
7.118771761982858326e-01,1.450631266651579931e+00,2.218390303158047860e+00,2.993539945689883019e+00
3.471338598144381171e-01,7.157525211593097625e-01,1.103399693667856729e+00,1.511061846903176020e+00
4.764487342708253470e-01,9.571676141736384924e-01,1.434029101623170543e+00,1.902354419617743764e+00
4.126542312573651672e-01,7.873234968325795169e-01,1.132959754810789255e+00,1.461557682633209065e+00
1.653607800661264504e-01,3.014985915227779700e-01,4.376918165858248999e-01,5.727646421030031521e-01
3.905124401617648955e-01,7.628444618826887291e-01,1.123975215021932650e+00,1.470453137919238484e+00
5.727033390583656791e-01,1.113395784949614997e+00,1.634963625985962787e+00,2.127383112583851155e+00
2.412901389916533024e-01,4.968242826295865000e-01,7.619403485469466997e-01,1.042554275391423424e+00
4.174913961492501824e-01,7.943513279808405159e-01,1.145985759705958174e+00,1.481229972384671578e+00
6.342626350688113090e-01,1.187076458547756896e+00,1.692427307534057679e+00,2.144290953430795454e+00
1.712103417533094030e-01,3.446345206884575130e-01,5.264933940710275762e-01,7.149349304379699621e-01
1.298878887226434298e+00,2.661608663439367639e+00,4.005137279321508537e+00,5.166873622219348761e+00
9.671365289149963518e-01,1.799607890267387322e+00,2.491875617062935699e+00,3.035083440887144768e+00
8.661864190476847858e-01,1.831317352582902513e+00,2.881468013842784170e+00,4.004217628211899971e+00
4.025821440013476749e-01,7.635446788636555127e-01,1.101321823786815202e+00,1.416659235143510998e+00
8.579952536691272114e-01,1.813220644876186061e+00,2.854029959213112200e+00,3.967191574922642960e+00
5.712367897753787283e-01,1.070254731801293158e+00,1.531186942721039168e+00,1.944853135711678727e+00
3.089970844815046469e-01,5.879015246471920308e-01,8.535427808151671014e-01,1.104234120507583405e+00
8.702435923206656154e-01,1.699192906749137366e+00,2.463615550095204831e+00,3.147756047371245369e+00
4.810651817766127825e-01,9.131336375680848549e-01,1.310065567374106621e+00,1.681441913357294204e+00
4.111073411407276113e-01,8.105897648971902569e-01,1.213433674506778859e+00,1.615128212134534058e+00
4.647296777498856613e-01,9.368604690117513512e-01,1.426583687633611319e+00,1.932250790244622429e+00
5.611068047579139684e-01,1.087703734932080168e+00,1.580366324118442467e+00,2.038838562292422552e+00
1.692046780383282378e+00,3.647831030911994343e+00,5.774477662711173132e+00,7.854232693143797128e+00
9.415737635158800689e-01,1.989990933007461882e+00,3.169646561691297659e+00,4.477495200623624605e+00
8.301674184315621652e-01,1.578422430794846898e+00,2.223191801183303618e+00,2.732920993546083199e+00
7.594318644564571619e-01,1.577785083000041499e+00,2.470573037783969639e+00,3.434807156605929279e+00
2.011744834102656698e-01,3.692089561199795589e-01,5.379763293960970749e-01,7.046507329667419661e-01
9.522301242039274971e-01,2.046115936769437926e+00,3.295521586842510064e+00,4.696325625102886647e+00
1.004385079210407650e+00,1.937631605888259445e+00,2.732551183764900582e+00,3.290638865468594076e+00
9.320745651152420042e-01,1.711353218575082158e+00,2.370409943965972488e+00,2.941066973727089362e+00
2.697153346483517899e-01,5.315875158985642335e-01,7.909920326266985935e-01,1.044002690781677067e+00
4.346356328691958204e-01,8.973153180689870112e-01,1.390053852064000450e+00,1.895230461799631172e+00
1.123093462761101113e+00,2.093226099493370018e+00,2.903874914124356721e+00,3.557172628145877535e+00
4.096073100801569389e-01,8.097841556171856414e-01,1.200437926689483126e+00,1.578683652587578035e+00
3.098505502506471165e-01,5.865146765104414239e-01,8.527741628993003031e-01,1.108379738819603944e+00
1.997081561742430456e+00,3.936824946971513306e+00,5.596729432644557356e+00,6.900673971053757683e+00
9.188521706201963068e-01,1.713425370717168050e+00,2.341213475669802868e+00,2.752545525491398415e+00
7.655423045924197867e-01,1.439729159037176576e+00,2.033933128174659988e+00,2.576062446947292361e+00
2.226826827883809923e-01,4.094110339808528232e-01,5.939349725741039920e-01,7.767862201857490545e-01
1.056063449946432087e+00,1.984251124419388335e+00,2.742432151133194829e+00,3.308169029396577088e+00
1.156562945152438182e+00,2.161016636543734215e+00,2.997502672081351793e+00,3.663174182625241304e+00
9.300638473756456248e-01,1.888475665345470178e+00,2.852296892785260773e+00,3.770596131522058858e+00
9.842460177887192296e-01,2.057298539107827118e+00,3.228319717072069661e+00,4.472377975805829742e+00
3.680635148404808321e-01,6.973618350325772042e-01,1.004437013567713644e+00,1.289327236579929981e+00
7.061702624495029834e-01,1.317258584680992328e+00,1.864777091256491381e+00,2.345498622477214745e+00
1.245006467511112325e+00,2.605950993483281408e+00,4.068254748573676416e+00,5.557519255817979342e+00
1.007309715779699744e+00,2.067481977904404022e+00,3.167264726905914429e+00,4.259471323989957980e+00
4.122425067851475666e-01,8.530651249643945722e-01,1.325502457928296574e+00,1.830516736443566606e+00
5.976966748057204182e-01,1.257327622620759700e+00,1.975304567286346957e+00,2.742223671925975825e+00
7.861653009283586790e-01,1.551337138926655035e+00,2.272373507103687906e+00,2.937440176850763418e+00
2.752612555670124195e-01,5.313018767823117772e-01,7.802655354653800224e-01,1.020398238443576355e+00
3.585114311188385416e-01,7.418275483630079048e-01,1.146971457365573377e+00,1.574654755042973031e+00
5.432884307425930315e-01,1.140967643766743755e+00,1.786323284309129678e+00,2.470240993989604394e+00
2.792474617775663748e-01,5.252125349136593790e-01,7.649006386144243663e-01,9.901548877625643286e-01
1.242226464740768366e+00,2.646116560438310117e+00,4.228164483397456763e+00,5.951715840130263224e+00
2.588425629648054560e-01,4.909219245828597145e-01,7.194339730785450637e-01,9.403620300080572925e-01
4.304322899822731197e-01,8.223176509117343658e-01,1.191330985377825780e+00,1.545608632937835791e+00
8.085541844562537106e-01,1.531502999747972993e+00,2.166989668727506757e+00,2.687541632598399843e+00
4.762719809994480080e-01,9.012405762595827596e-01,1.290242582011219774e+00,1.653444142589248989e+00
7.224473421385111394e-01,1.370774004501280174e+00,1.939080314016280671e+00,2.426069672542666478e+00
6.264953081082671460e-01,1.222067441897386031e+00,1.780279034969362240e+00,2.294171919718716257e+00
8.464621561755448775e-01,1.563526693501395837e+00,2.182826514887477032e+00,2.714408679833934634e+00
6.587384477273807715e-01,1.361440159826589502e+00,2.082920821889566731e+00,2.813089612834250186e+00
7.341084088181279999e-01,1.377656362587027061e+00,1.956068842921312667e+00,2.476669866702476241e+00
9.775156947055037016e-01,1.793964336731912912e+00,2.473242987695490669e+00,3.049081673804529657e+00
6.862117919513233133e-01,1.447226524222098520e+00,2.286385070638524919e+00,3.196059019320975469e+00
8.390068404157100534e-01,1.734433555912891833e+00,2.693780243612248437e+00,3.701055265362137803e+00
5.617833211481069178e-01,1.166201124858479821e+00,1.828946127427701906e+00,2.544961624058806215e+00
3.475243323652055794e-01,7.139957567563055552e-01,1.104107411896688706e+00,1.515513363577746020e+00
8.579317637688300968e-02,1.572868514100487503e-01,2.378171153127086046e-01,3.212178930977225844e-01
8.416680701387381225e-01,1.576734305916245971e+00,2.223900153432362359e+00,2.772592016390888148e+00
5.715761040207005816e-01,1.086808153442967884e+00,1.552751618660978439e+00,1.981566486738254085e+00
4.054490269262397417e-01,8.333988670576697455e-01,1.288343448472661246e+00,1.770372510814104183e+00
1.484280136142382411e-01,2.963498389750309214e-01,4.529967240742565626e-01,6.141882733163707142e-01
5.303551815916058843e-01,1.007799907225516822e+00,1.438636396968053788e+00,1.811427025445951910e+00
8.354439337317390857e-01,1.562047321090283880e+00,2.198293011349762072e+00,2.729246536657676359e+00
5.762346644487210678e-01,1.104210912633326158e+00,1.599954133854647687e+00,2.050215768903338009e+00
7.241255388121864423e-01,1.383859730033685675e+00,1.981211785554553906e+00,2.515154237484876543e+00
1.739114146929858329e+00,3.224224939731612949e+00,4.000806365056184255e+00,3.546991939093723012e+00
3.314653769890373303e-01,6.607524885302006323e-01,1.002206856259999945e+00,1.355134268974575340e+00
7.131581864130200898e-01,1.450551807018879424e+00,2.182230299385560901e+00,2.897240638105747834e+00
6.757277384764952544e-01,1.414827394808131134e+00,2.235240508582759578e+00,3.135674906458398414e+00
1.899038188915830316e-01,3.705639065185157843e-01,5.563258101882095907e-01,7.457233964457637976e-01
8.628127634031093063e-01,1.632289268774544277e+00,2.295333122128522252e+00,2.809041492567327936e+00
2.496069773866370078e-01,5.095382852182757105e-01,7.776957414450584860e-01,1.053121293040554241e+00
2.184409038446264717e-01,4.484493222744129204e-01,6.864331450021068370e-01,9.315559958185380962e-01
4.634958855153680224e-01,9.049180487810303264e-01,1.336829798546188774e+00,1.752431511793427710e+00
8.699687860932295846e-01,1.854594894461129240e+00,2.964733222941354107e+00,4.196658547264647154e+00
8.268263971794977962e-01,1.546794284149879184e+00,2.185168092223446656e+00,2.733170084010550838e+00
8.034530277801389397e-01,1.633260507152310304e+00,2.453026103304732697e+00,3.246036467680856852e+00
1.299586417929190940e+00,2.775908150566579025e+00,4.386081885196700725e+00,6.104682591915700840e+00
6.597068769395627585e-01,1.381871217930291662e+00,2.143591135171511564e+00,2.940717220938416254e+00
5.903876400942849045e-01,1.231015923271429280e+00,1.905481239283328465e+00,2.613807096430536436e+00
4.866998475202391483e-01,1.002580761071940163e+00,1.560128348348490235e+00,2.157724677938350766e+00
4.374371817856471112e-01,8.998619555927813707e-01,1.392289805361521360e+00,1.896268101993918709e+00
8.201524017113049903e-01,1.701802703793546367e+00,2.610562399583687299e+00,3.524611048782467559e+00
1.059063262611470657e+00,1.944573291956463335e+00,2.650540094661470114e+00,3.167898124774551682e+00
4.489440692419382484e-01,8.547467015880890751e-01,1.243448569286998096e+00,1.609429334300270353e+00
5.024738438507150295e-01,9.569654933987277179e-01,1.381252210802804470e+00,1.780680691729239484e+00
3.752092136702360747e-01,7.166712190710945451e-01,1.042359885667546227e+00,1.355974917228131016e+00
1.131598677698442357e+00,2.051161667632317887e+00,2.790062759020086158e+00,3.388005758231172226e+00
2.412053231684758992e-01,4.989106842988549340e-01,7.663776410559541841e-01,1.043917768840325166e+00
2.783943940672410355e-01,5.591189364403634787e-01,8.462090705649025768e-01,1.135278348774880319e+00
4.747183993086643294e-01,9.563496237330095795e-01,1.437239734793834822e+00,1.912211790180817328e+00
3.852507130319462458e-01,7.959395951595344965e-01,1.222276007888684290e+00,1.666512831018629015e+00
1.035080504136689061e+00,2.179715344555216205e+00,3.447708750720059445e+00,4.817469709273527023e+00
3.378432655948868102e-01,6.994609107469661469e-01,1.077965146438609523e+00,1.470454194139151127e+00
1.063017445670931593e+00,1.955856457248366320e+00,2.698954758827202927e+00,3.266280062788600169e+00
1.084458057778785733e-01,2.155215479314559202e-01,3.300117934871964476e-01,4.471613524517648597e-01
5.622700639721883720e-01,1.056069766365008045e+00,1.515221354162423761e+00,1.922903954089906664e+00
4.028483332782997750e-01,7.861937957028466428e-01,1.161257929579125436e+00,1.522029893813817480e+00
1.216678164043187987e-01,2.065411631959549743e-01,2.951205349916760645e-01,3.842617613642715924e-01
1.424352234060761724e+00,2.829752142507730994e+00,4.041456762381017143e+00,4.785776306903350097e+00
6.120116129004805616e-01,1.256008148214847964e+00,1.908632405187480341e+00,2.563517312705646312e+00
2.676032062560425584e-01,5.110459769081460157e-01,7.491347088539551669e-01,9.786666340211948034e-01
7.691237112915881857e-01,1.483411453827452986e+00,2.132173499912386028e+00,2.713659477020738731e+00
1.327826696079790425e+00,2.456782631044107212e+00,3.259454685297862309e+00,3.600227243441015634e+00
1.126608029890860507e+00,2.373773984840086282e+00,3.749316292323153110e+00,5.219147826453193417e+00
7.066642215568705865e-01,1.316068977044140942e+00,1.860923591675867961e+00,2.338402790664404929e+00
1.350208559324738156e+00,2.389335106720743784e+00,3.190092891929456442e+00,3.791621825135174095e+00
1.810319852044148803e+00,3.782917214126367611e+00,5.754069525340964830e+00,7.355400824072053645e+00
3.670021821194720535e-01,7.284927133697158830e-01,1.098357357055242067e+00,1.474354233948896420e+00
5.202713991216058043e-01,1.018523350303250918e+00,1.504609824078574354e+00,1.967083671574684889e+00
7.030643196651913396e-01,1.464489023035322690e+00,2.261685355645683515e+00,3.085900655076405652e+00
7.730382732367430121e-01,1.592754498160241283e+00,2.426953411645546232e+00,3.250887497174125063e+00
9.982779688903039572e-01,1.986794050854174154e+00,2.918015380893189459e+00,3.768322197088406433e+00
2.557388011562499730e-01,5.072235039952491809e-01,7.709161479657190563e-01,1.042727416846093158e+00
1.244569050966154999e-01,2.101050853791910089e-01,2.986854184564824988e-01,3.867830273981958666e-01
7.481267433219226382e-01,1.414391550531348907e+00,1.989771838686202887e+00,2.471810095146226072e+00
1.664650158612422937e+00,2.933905842430638788e+00,3.816407964458333524e+00,4.364567183075091172e+00
8.682903595958079146e-01,1.716858606589678482e+00,2.514507484159342887e+00,3.242572811281118295e+00
7.820706945313237179e-01,1.545026774750214882e+00,2.270129789992607172e+00,2.919684105421532117e+00
5.353126238353383970e-01,1.063001322618443822e+00,1.574378924418926573e+00,2.064071159689937485e+00
1.387641934993090409e+00,2.618629726831316784e+00,3.631599501513885553e+00,4.409985121851200063e+00
1.291702365144058229e+00,2.710689083948385925e+00,4.235120388742920738e+00,5.777347017528306594e+00
1.020215784172075146e+00,2.103478206155171559e+00,3.239137931622606992e+00,4.383133701076478594e+00
8.708503578968955772e-01,1.868439232053418886e+00,2.981521384315964251e+00,4.218147384027177260e+00
3.620891781399877551e-01,6.853806602707588347e-01,9.869750767995638663e-01,1.276002563446416938e+00
7.629651755587059381e-02,1.162317557827605846e-01,1.659808790173585014e-01,2.199789698750994615e-01
1.157602768697715057e+00,2.369985002974319688e+00,3.564107376159832530e+00,4.711452584223808415e+00
2.277640447457059403e-01,4.675377936888612251e-01,7.146452088383898893e-01,9.722191473806639506e-01
