1.167663983887711421e+00,1.376817179928033763e+00,1.050239385119182245e+00,1.086885081238092798e+00
8.824970171254521434e-01,1.149120466329919266e+00,1.176765259544988007e+00,1.220157579021568406e+00
6.983860354822863936e-01,6.213189983864073618e-01,4.580351173432803402e-01,3.745147659935326723e-01
5.247300279012205859e-01,9.274026504752236333e-01,9.688310353586752077e-01,1.177030480326748840e+00
5.603704877057100742e-01,2.911268299050167596e-01,2.633049988616626425e-01,2.386604372674463737e-01
3.152210510443761993e-01,2.486642157216802651e-01,3.032240117629019793e-01,2.847272847912761806e-01
6.113437622042825481e-01,5.594612037416352157e-01,5.100161346346342439e-01,4.480578697232472374e-01
5.830001141976228762e-01,9.559587212442895998e-01,1.064710375257974073e+00,1.151783869327623222e+00
9.532287737089071289e-01,8.125633432031745818e-01,6.857343736538329404e-01,5.541825015759827000e-01
5.673525716846070654e-01,1.056025083438731360e-01,9.704606937386248133e-02,1.469619952222834258e-01
6.014871266979474607e-01,7.088272847582646197e-01,8.810204016485481127e-01,8.895375575090398446e-01
6.315092910395082582e-01,1.090300411627132648e+00,1.117352380781695853e+00,1.159712863906407376e+00
4.183804074584411836e-01,2.983847694452851917e-01,4.641490173192318602e-01,4.844981640468355444e-01
1.135778872930012229e+00,7.559463411818916345e-01,7.039333890360306434e-01,7.361532765463555394e-01
3.702856648524883720e-01,6.625469418923201070e-01,7.826292512717886174e-01,8.649411875097965385e-01
6.208835318896359645e-01,4.266526874559616322e-01,2.837000769286726620e-01,3.135233531038134625e-01
6.786738772597952218e-01,6.780106476634474300e-01,6.652700452928766994e-01,6.713466545851826117e-01
3.888117751411965806e-01,6.589162072095163802e-01,8.123527220630520906e-01,8.684059953422730294e-01
1.560179293918591004e+00,1.265770234961062668e+00,1.233169022451285679e+00,1.166962784693231558e+00
4.363541072901205853e-01,3.042758098144636159e-01,2.142794229537086925e-01,2.698573781549277739e-01
3.150217741163570118e-01,4.794983167585933903e-01,5.605509559384571627e-01,5.722713586220744553e-01
1.992892927330981723e-01,1.510844959277082011e-01,1.185902799252174650e-01,7.548267335274579104e-02
5.338133247259063685e-01,6.050035815454416488e-01,6.366494749748834447e-01,6.434058203551220601e-01
2.732229621597591085e-01,2.600408068537153339e-01,3.742922764299922433e-01,3.840848510591030052e-01
6.197938060192083043e-01,9.294552635736580415e-01,9.469286775099486908e-01,9.340792124117658357e-01
8.106846780947698505e-01,6.033600622449862838e-01,4.874683884772600395e-01,4.138271245629644990e-01
5.894797917129457332e-01,8.487026193971273225e-01,7.959371263764914994e-01,9.197041777125921636e-01
6.418773195965628009e-01,8.595787273875422629e-01,9.297224865749620371e-01,8.625892812941545751e-01
1.100309291628559949e+00,7.369709489740583486e-01,7.258772021222366089e-01,7.836239139671460352e-01
7.780272520673066072e-01,4.460876949877466968e-01,5.841607653496885266e-01,5.110091224882828964e-01
1.318163739669789614e+00,1.578534765196028866e+00,1.480010040789112136e+00,1.330425137128093960e+00
4.667150536994489896e-01,4.034721181488306052e-01,4.361144836736609021e-01,3.584791901384740687e-01
1.038356113573645212e+00,8.419597748064077125e-01,8.088827012841278696e-01,6.112098736954079126e-01
5.803156315330122439e-01,7.269450125094232273e-01,7.925859371883530180e-01,7.493251705829350184e-01
3.073437022253672213e-01,3.679614029273972631e-01,3.525948212625323874e-01,3.785041059816448561e-01
1.074486350585879046e+00,1.180231042249951789e+00,1.339472659718848435e+00,1.162608521007830520e+00
9.489309829174501498e-01,6.787927499666890352e-01,6.469536478486553888e-01,7.716149497247124511e-01
6.295818896237123097e-01,5.284055955427651163e-01,4.053630331318301416e-01,3.450600435564720181e-01
3.325333721290666955e-01,8.118411006399054441e-01,8.286095427417996540e-01,8.046558969931651983e-01
5.293293202040704193e-01,8.087516672210326441e-01,8.312849809547683266e-01,8.600497232087257471e-01
6.027822876535269270e-01,4.918359593752975600e-01,4.008090399056247755e-01,4.537245171038266633e-01
5.881597650254762888e-01,3.307080894468336085e-01,2.685420232634502802e-01,1.974306227932761948e-01
4.999873830101621563e-01,9.691650446484836867e-02,2.075968500721004084e-01,3.536469868513666404e-01
2.019747233244263140e-01,3.833733384061147054e-01,4.016073694433718311e-01,4.481691679344957380e-01
1.057962996505953379e+00,1.038820745400784507e+00,8.517307207947732994e-01,9.365701538097254142e-01
3.613059966392101474e-01,3.617761865457563841e-01,2.279293463121030705e-01,1.247369914568357552e-01
7.039737081683369313e-01,7.166647689117413567e-01,4.952546340577332895e-01,6.094262576327955649e-01
1.291652739384583137e+00,1.325318993787476085e+00,1.228547628924111290e+00,1.075335987824972417e+00
6.875986238711427889e-01,5.095590691600073718e-01,6.621884056042249833e-01,7.091345550990827418e-01
5.806283642177459958e-01,7.904056728102100138e-01,5.420656302726213349e-01,6.723385060472861774e-01
1.124573654528624456e+00,1.001039291002916443e+00,1.015572391543761555e+00,1.038260242803543676e+00
4.617724784428254847e-01,2.507797909695988481e-01,3.328323179655527930e-01,3.136271916537563542e-01
3.975181627687788266e-01,5.927281192797018150e-01,6.789905329745105078e-01,7.425247728688963988e-01
1.089737591587989662e+00,7.545752974658997969e-01,5.761316452337583716e-01,5.745337439642882460e-01
9.579025765664535008e-01,1.186380953839365926e+00,1.167283018601934286e+00,1.150834180522853689e+00
9.637487192306031236e-01,1.066517055405936665e+00,1.003781163678334476e+00,1.015447296437562708e+00
9.392247449212092203e-01,9.617826312903353658e-01,9.204710121109178633e-01,8.274286410624006605e-01
5.346737567766904897e-01,2.374510732814396896e-01,8.605109494238791235e-02,1.841280381046050962e-01
1.038800724331694569e+00,1.048202143806731712e+00,9.517038068225731617e-01,9.049553346383850672e-01
1.134953197453208773e+00,1.176894315631071830e+00,1.224305265060943393e+00,1.195130785260996253e+00
7.876630750124521407e-01,5.217207553140343901e-01,5.244846579344407678e-01,6.115321494704913929e-01
7.795714874257638760e-01,5.107066372939540466e-01,6.410943808838286406e-01,4.979515927256222274e-01
2.900452781197167540e-01,5.156611836262157134e-01,3.743063041158861126e-01,2.426635580569660444e-01
1.629129645029310014e+00,1.628183544648019065e+00,1.547494607329316985e+00,1.605386115815945480e+00
8.241233685134149445e-01,9.004020754272425986e-01,1.086128412669688181e+00,1.164908122691709513e+00
5.682471257619761129e-01,6.616150441499537571e-01,7.147463217878403663e-01,6.163971352849477725e-01
8.699961112659894136e-01,8.471543568662016632e-01,1.034582795867195371e+00,1.096531023940982896e+00
4.274787953497340420e-01,3.661784863343877094e-01,5.259120885968751047e-01,6.566047498448964737e-01
9.205923643112259303e-01,7.554513192619505269e-01,7.094560074594070676e-01,6.362213013935009709e-01
4.293758540699121884e-01,3.836957801109699973e-01,6.039824860463642864e-01,6.657708437615577068e-01
4.013505119651110120e-01,1.377567383352996944e-01,3.839685083931358989e-01,5.645756514214071986e-01
5.500326975360718684e-01,5.907063562791502465e-01,5.580687595801794298e-01,5.461544185938116414e-01
3.493038715698006946e-01,3.372896735074964458e-01,3.554954988440642838e-01,3.804670045097016118e-01
1.218248942521437117e+00,1.052664119224558492e+00,1.040809369740304469e+00,1.000516059809929192e+00
2.145544157835078403e-01,4.705394940554938898e-01,4.975175063967712252e-01,5.836240982566017754e-01
7.991375258245222435e-01,5.387821139101047763e-01,5.471959365806622344e-01,5.018899269294447851e-01
3.377937980609657109e-01,5.731738340868256509e-01,6.517458931610274897e-01,6.980997050649627722e-01
4.875270164649374016e-01,3.624851012199438727e-01,2.266991427662894132e-01,3.073726988008722016e-01
3.369359980507323216e-01,9.646768524988579008e-02,2.115399428477441612e-01,2.064194669124051196e-01
1.514292680631514010e+00,2.006971126867749700e+00,2.039777223945810292e+00,2.129672239790784349e+00
7.962203010813366788e-01,1.151426103358129005e+00,1.228129932864125085e+00,1.291125579755555641e+00
1.081914052568922813e+00,8.919929594466579070e-01,9.840042749141396650e-01,9.226384861386598413e-01
6.881657536193138691e-01,7.326513216734179545e-01,7.488142779505746471e-01,8.471502937642346742e-01
3.067724862781617823e-01,6.397832005704336966e-01,7.492094143268118733e-01,8.537911500240934481e-01
4.504185036807686893e-01,4.293767643282754842e-01,4.881170693973793662e-01,3.266388921805610246e-01
1.106602789334614867e+00,1.070138047812622339e+00,1.125791361595781970e+00,1.145661918516091005e+00
5.197069676358199164e-01,2.686685652299691252e-01,4.311678698568702228e-01,4.056734128920034266e-01
4.816402636218110045e-01,1.058934727276966831e-01,1.633450294997446928e-01,2.345752080581292864e-01
1.589601236692587571e+00,1.187579307596276390e+00,1.179722647238296895e+00,1.083028633898747373e+00
1.080897669654521609e+00,1.221524073122263188e+00,1.088690342076732653e+00,1.060552234736078292e+00
3.461659606508922793e-01,1.284640788776233444e-01,8.965034498062340873e-02,1.811024985359805939e-01
5.534634769012997113e-01,3.487207149902671888e-01,4.289055998272328640e-01,4.863289579148458719e-01
2.554575758810834762e-01,9.995697840724558636e-02,9.597738413146091052e-02,1.818447913190090470e-01
1.279179637081470089e+00,1.335742310063174454e+00,1.169240748509972505e+00,1.058010670322366620e+00
8.873271811915373064e-01,8.130816222702067497e-01,7.778842699807493322e-01,7.487691970597607494e-01
3.357137288118458573e-01,3.988596824369275429e-01,4.432662597838445961e-01,4.536164283041435041e-01
7.079216295043758711e-01,1.075959356050890520e-01,1.084927877262270302e-01,1.077621935063965419e-01
1.276152575208924445e+00,1.160383378493474504e+00,1.080450881313754996e+00,1.082206670426307360e+00
9.071756639720061077e-01,7.000581006190764732e-01,8.110042113002103870e-01,7.689634877340612018e-01
1.620214811133104726e+00,1.243799961930458498e+00,1.131366815838479312e+00,1.121803791042347287e+00
1.274390477989464143e+00,1.092550187938844397e+00,1.347828647152256032e+00,1.165107987177359972e+00
1.308243257841777085e+00,1.683234324347141486e+00,1.702182176990845175e+00,1.684649351161689124e+00
9.860335760365174229e-01,8.931878567162877536e-01,1.059785569247907011e+00,1.071938096227354809e+00
9.273735700054280828e-01,8.314936737428546554e-01,9.088689420444875378e-01,9.063297186344884127e-01
5.014245002517381256e-01,3.189331741864885883e-01,3.821720655070894312e-01,3.922518179709015840e-01
3.144427184131842190e-01,2.325596029432769607e-01,1.775352617317837722e-01,2.614342592767031070e-01
1.007412739283341629e+00,1.240138581115504790e+00,1.435086136236448429e+00,1.576791876775905932e+00
4.437507536566307476e-01,4.432930003325187274e-01,4.271666921207477041e-01,5.219710716524721406e-01
8.379518915015586877e-01,7.162861133038704864e-01,6.568652626930845395e-01,6.753678010941788212e-01
1.840380170902221613e+00,1.370324971504415901e+00,1.402106988492079820e+00,1.362970750230567685e+00
2.025791401569468075e-01,4.813781759174284858e-01,4.688660862655664174e-01,4.929136745816112830e-01
9.852851463440478463e-01,8.979053300953461214e-01,7.831571486399055981e-01,8.860282792084729353e-01
7.977640858100313315e-01,1.119046694397529240e+00,1.086875648823554696e+00,1.196393855785538474e+00
8.113762236536153916e-01,8.706974202045720812e-01,5.705660050639974612e-01,5.612743384191329898e-01
8.018072610513850007e-01,5.061388817955947417e-01,5.169306239935641534e-01,4.021623960396829567e-01
3.542311781196152420e-01,4.804669960175091403e-01,6.251876628711870998e-01,6.528489984015780623e-01
7.441844375075147289e-01,1.118737093378203706e+00,9.188978040662143520e-01,9.389778201580031292e-01
1.052599581855775845e+00,9.213967051144280607e-01,1.031379766996666225e+00,1.078927545080433203e+00
7.123267644800932441e-01,5.102884329348492676e-01,3.808973246628660214e-01,3.669430134276118749e-01
8.977658665618626355e-01,6.950287360559549432e-01,6.535999496768656325e-01,5.841372852000646931e-01
1.507625041840284119e+00,1.312684643025907594e+00,1.149059884421828270e+00,1.035552391616626489e+00
3.385223153270987551e-01,2.177707394477333969e-01,1.917895700881512844e-01,1.875793805074396914e-01
3.905776562973783950e-01,6.454678956381814103e-01,5.368334041199568363e-01,5.674327127936262816e-01
1.150848142565096044e+00,1.101647717382475689e+00,1.002366160327220257e+00,1.002343215934476284e+00
3.131611999294981463e-01,1.991999604973877236e-01,2.047777239647990133e-01,3.167910246131055985e-01
6.840674757406375317e-01,7.369586650775322711e-01,7.260253155405473890e-01,4.606208978475898608e-01
9.824184105687211455e-01,9.344197887476280995e-01,9.931670608008330570e-01,9.658873645890529991e-01
5.120200519776300085e-01,5.295242216113752454e-01,4.470344651685375648e-01,4.070108388987830339e-01
8.362573897655374289e-01,5.497668411092471175e-01,4.620092711625425896e-01,4.923490534600690749e-01
1.384453638273496212e+00,1.263298033150587418e+00,1.270798233933498667e+00,1.231549769990562426e+00
6.465625952357550998e-01,3.106498881531477019e-01,3.697248668116235870e-01,3.920264447820130949e-01
2.902692182962255951e-01,9.403653274104575854e-02,3.018418713456335056e-01,2.499853450808985911e-01
1.143037466495423704e+00,1.141944292525403082e+00,9.322473108358149130e-01,9.107360753991537994e-01
6.459004806302328650e-01,5.347507414877866738e-01,7.223093257061693473e-01,6.425299989981353432e-01
1.200273260813445209e+00,8.296829088755350856e-01,7.840283759979299605e-01,7.455557927871310220e-01
1.469714348876620447e+00,1.215611061977791563e+00,1.263410486587839499e+00,1.225755650900442806e+00
4.773704942236441928e-01,4.248237749623653414e-01,2.752747408592844391e-01,1.483528734042917074e-01
1.249892695797814701e+00,1.066522744552290458e+00,9.224009512418439583e-01,7.847759172939866579e-01
6.362751409349191034e-01,4.740783531880937152e-01,6.216252779480621049e-01,6.344093022144809968e-01
3.809887548099403776e-01,7.863884286387884393e-01,8.396970194886000938e-01,1.087393684282877748e+00
5.504567223730053582e-01,4.412979990051570933e-01,4.327380638733051565e-01,3.665549471987839536e-01
6.384506301750590973e-01,5.323343235495523462e-01,5.297937427043307723e-01,4.223849484541684629e-01
8.465602229161947045e-01,6.468940981073257879e-01,6.114463737137401100e-01,4.347915059243872560e-01
1.204170032042438443e+00,1.095287663814913603e+00,1.054335380413443657e+00,9.365156655877331371e-01
1.172814520897552892e+00,8.753329182911232520e-01,9.951528905357487353e-01,8.535263531045764740e-01
8.021424660917615412e-01,7.431481325993343212e-01,6.083557631429499235e-01,6.063681910948488518e-01
8.883202446271574182e-01,1.377953478506843243e+00,1.485469650256483476e+00,1.543441644428795056e+00
8.146162783308070754e-01,1.088631138055852432e+00,1.126861703169848683e+00,1.209646183476367431e+00
1.078469661737661678e+00,7.440313172661376928e-01,8.046098406568488182e-01,7.014627482994221230e-01
3.793470696123350527e-01,2.295842995742054526e-01,1.642376673713745461e-01,8.193117780849455689e-02
9.740666911302774400e-01,5.612544268090976507e-01,2.925061249100881500e-01,2.577182532349044930e-01
7.161132280895406987e-01,5.590762766004314654e-01,5.519030613357271964e-01,5.968496448585350889e-01
3.468008917944880865e-01,2.901073156102158546e-01,2.734331937010320290e-01,2.399940975335106419e-01
4.643932925410440005e-01,4.214913293119303406e-01,4.585874724357062449e-01,5.185587557205597609e-01
1.433510479406362670e+00,1.479686854692543019e+00,1.480443635894962862e+00,1.447682953593322441e+00
3.549486507965357585e-01,3.575975893609631973e-01,4.149161996702289690e-01,3.753267534229451363e-01
5.740100926406610515e-01,9.881482484287971157e-01,9.616897434583451254e-01,1.032893544212627024e+00
9.710990520986823027e-01,6.557031975380286370e-01,6.174891653423819626e-01,6.453780096333507910e-01
1.576341063368857487e+00,1.402485540500969963e+00,1.300115540470421882e+00,1.232016658119424291e+00
6.961988213484304744e-01,6.493048996792846195e-01,6.245456668428297498e-01,5.904196110095185634e-01
9.997077035860847394e-01,7.098032775536511352e-01,6.848281239684651522e-01,6.836628844146015460e-01
5.376015779200248312e-01,4.157101494879028025e-01,3.902544831112537138e-01,3.680854255505935924e-01
5.506716189845569653e-01,6.985716320853174732e-01,7.622257740951279281e-01,8.998567198982106996e-01
1.324101630807188457e+00,1.146432152686611028e+00,1.091219896200761097e+00,1.117781594324314565e+00
9.330087458569227277e-01,7.960860380949937865e-01,7.802769470512654904e-01,8.419410667035357454e-01
8.755236212220237624e-01,7.407223584007119888e-01,5.601966427081007671e-01,5.140977160161750437e-01
3.913507960693710097e-01,4.498836522377491209e-01,6.059489235539984309e-01,6.409575707725058136e-01
9.744819771068965464e-01,7.128395902524506944e-01,7.097481455312408816e-01,7.856974857407088564e-01
1.542295555021313547e+00,1.413158821512779495e+00,1.265280897464507115e+00,1.244531353451692413e+00
4.750799627815820991e-01,1.814685467989905765e-01,3.219544475261416627e-01,3.285983936697857710e-01
3.121338303289184490e-01,4.740095433874758624e-01,6.683001099238536913e-01,8.099340388579223671e-01
7.399524602362557157e-01,4.054976535069301224e-01,6.109690805580018091e-01,5.190741379154395485e-01
6.747161504916123764e-01,1.021013682647644361e+00,1.010239271780071002e+00,1.052878416823984642e+00
4.129085350855191128e-01,4.899820771419322041e-01,4.716809655944178559e-01,3.771900894225766465e-01
3.947916032695052979e-01,3.585199001189257051e-01,4.819413998971475710e-01,5.966678125209428085e-01
9.059254855044633903e-01,9.762691974638798564e-01,7.661757042408982032e-01,7.152379909924130308e-01
1.042281165225873441e+00,7.621884766042620329e-01,6.529367858392662871e-01,7.086330687221421565e-01
4.141234277007345144e-01,1.050176560710511797e+00,9.484186503899061371e-01,8.927067514001425508e-01
7.269528416813860749e-01,3.477977190824946274e-01,5.942722582587077751e-01,4.237975712565352771e-01
3.221768980316506714e-01,3.803149935725212982e-01,2.628027663224441479e-01,1.604640178143545703e-01
7.356768776328099779e-01,8.917728474288562079e-01,7.151344853027001847e-01,5.900575565901268194e-01
8.986310607712171272e-01,8.140361177433786954e-01,7.257682101229375737e-01,7.444731566649451793e-01
3.233787178316718247e-01,2.019969690449267552e-01,2.480785447429134649e-01,3.798743919265771818e-01
7.454611553827855674e-01,4.013853699649516660e-01,4.986703563190638677e-01,5.321765242042235666e-01
2.464412105047437684e-01,2.285091066257866343e-01,2.385158248371118672e-01,3.535326473690487137e-01
3.802734133358252611e-01,5.323773413883736705e-01,5.881905633959274571e-01,5.133754387405913278e-01
1.133134866475626223e+00,1.216944412193760261e+00,1.206265280283832508e+00,1.219394052217078306e+00
1.050394862940598140e+00,1.218610063015795664e+00,1.325244351053585401e+00,1.394274025293369190e+00
5.496379147228950268e-01,5.901214129109351170e-01,8.638754523469073243e-01,8.643280646089213093e-01
1.171245306915649653e+00,9.762201874262645962e-01,1.262236154368102659e+00,1.151774491526521560e+00
1.115521606333788718e+00,8.822592859996075676e-01,7.067476203501659171e-01,7.753968505350532503e-01
9.891391843860483091e-01,1.105463258792779513e+00,1.207287322327531776e+00,1.167789836343169796e+00
1.000020869297401971e+00,1.074729865382100025e+00,9.757664010188844550e-01,9.896534146938615883e-01
6.647533341374072258e-01,9.830533018641902654e-01,1.171137261971169741e+00,1.292263396422508537e+00
1.432500329019536611e+00,1.286138564970925380e+00,1.315162060314254644e+00,1.293225078666898842e+00
5.890431291786790702e-01,1.014199416942219045e+00,1.097245896530559817e+00,1.145207012983487704e+00
1.053503795193272641e+00,1.036615690974319826e+00,9.379156248731664869e-01,8.091917784558775306e-01
6.354430358965790226e-01,4.705315057668726930e-01,4.177894467891871688e-01,2.708249098212937578e-01
3.274172881364934007e-01,2.409537588989537349e-01,1.915801287729319291e-01,2.807563511852343985e-01
6.532068533950521338e-01,7.709447752107191354e-01,7.863746390396546548e-01,7.331484105211898417e-01
1.677667457734023815e+00,1.804123794580954510e+00,1.664219124173690778e+00,1.686523901460078800e+00
2.536011648998188206e-01,3.235556103225436519e-01,4.318737196924166688e-01,3.239150512933627324e-01
5.770078207167677053e-01,6.600158986517040693e-01,5.938960642440236359e-01,6.229272356808158717e-01
5.719514501754068281e-01,4.958928398427369655e-01,4.892886700441511083e-01,3.598491723072014259e-01
6.859076750804679046e-01,3.607292257776331112e-01,3.830643448930532990e-01,3.791472539876378778e-01
6.511009392676262442e-01,3.692322998096858044e-01,2.673526573377252302e-01,2.275170095048279495e-01
1.047840911042486889e+00,1.155251171808625354e+00,1.187634283405929692e+00,1.131449447207926173e+00
1.466475341361343832e+00,1.748885311675220544e+00,1.443047358771796906e+00,1.494436354959311153e+00
5.050558075909175049e-01,1.199784543060796321e-01,1.165403565779492001e-01,1.233021666304285752e-01
9.531115567950906309e-01,7.307400106277630591e-01,7.248814688123413896e-01,6.809667516324466874e-01
4.710448348407218488e-01,3.330846573948671452e-01,4.417877023354597199e-01,3.500551070500266260e-01
1.007500123988272378e+00,6.045960331851630842e-01,5.809269076404828258e-01,5.907037228490169545e-01
3.403453341436986634e-01,1.486549832571387730e-01,1.295751657240391264e-01,2.509349583053587240e-01
5.785407464740980332e-01,5.004471126343802423e-01,3.384279050469082839e-01,2.828415874086817050e-01
3.506628782795499499e-01,1.489179647553035835e-01,3.470188558962079006e-01,3.045374984524910622e-01
4.140799021885983588e-01,5.650303178367542811e-01,6.010534429132038392e-01,5.822695164658051592e-01
1.008722261394282116e+00,8.255878757382331123e-01,8.629804570303819533e-01,8.787863857764403042e-01
3.899848056346331138e-01,4.464473072953711874e-01,1.728003876776011416e-01,1.697305642017571947e-01
4.538913862860983195e-01,5.820314600008189565e-01,6.320879781884604087e-01,6.039305360085026608e-01
4.439647451265146816e-01,4.189593982665114069e-01,4.132734124971774170e-01,4.514611858161329816e-01
1.082998101581005512e+00,9.127454695247271266e-01,1.041860188778795271e+00,8.624787357378176367e-01
3.616357865650486336e-01,1.962232495583731418e-01,1.733464292060419853e-01,3.609386681987564183e-01
8.260639521112477235e-01,1.060155294144784266e+00,1.135465025453827215e+00,1.280163224959980806e+00
5.154557276974163216e-01,3.832163578859562603e-01,2.346807364124902373e-01,2.989681218167097310e-01
1.402202522846300203e+00,1.666542760492134123e+00,1.650476542732417284e+00,1.581111378858484962e+00
7.073706667885258925e-01,7.735317570855422264e-01,8.129672208632495733e-01,8.740123540541625546e-01
7.962163895349191334e-01,5.745730648448017508e-01,5.099028588180192223e-01,4.669085932956195117e-01
2.603549843141662601e-01,2.416495789064921629e-01,4.155834501531586733e-01,4.926975996558986548e-01
9.138584685603722280e-01,1.202558218635559228e+00,1.384106829468744859e+00,1.417234486290933404e+00
2.884979367628134894e-01,2.238173482149262150e-01,3.023713778134632935e-01,3.701466630271264546e-01
5.879809712052737058e-01,3.505658428938094873e-01,3.803318982900981138e-01,4.711025521968051910e-01
8.337933794929346387e-01,7.741536906444983490e-01,7.774782825959888344e-01,5.730328632987804482e-01
9.447269313503113830e-01,7.133571736849284584e-01,8.842824227164064466e-01,8.599387876186194157e-01
2.574940080174031309e-01,5.520940507963310040e-01,5.818535430900874106e-01,5.708638363096016910e-01
4.253726413420985675e-01,6.348819045381448589e-01,7.080297842859308854e-01,7.501741892392266298e-01
4.744034119344076594e-01,2.873202939793692012e-01,3.784231463408666007e-01,3.818721085800562132e-01
4.275952057901650782e-01,5.627690671244203191e-01,6.820761270598290071e-01,6.914966785600320520e-01
1.384116818981501851e+00,1.249710812561059425e+00,1.248998334775886176e+00,1.207512560830065640e+00
4.272105409640452600e-01,1.018998773617205422e-01,1.861908789653399232e-01,1.611701720416870431e-01
4.811697090554222234e-01,5.933158536776379499e-01,3.926330876585092944e-01,5.140321611039654348e-01
5.646184785459081867e-01,5.861540327927436955e-01,6.920240779960046273e-01,7.351567407779094898e-01
1.263207866930208700e+00,1.061736999577348461e+00,1.058931757187226763e+00,1.087139873880079932e+00
7.260487348311571720e-01,4.358718303200406208e-01,3.515095558519801822e-01,2.852056330112588967e-01
3.663846242110939677e-01,4.360954093736216231e-01,5.158836155313593075e-01,5.036250471477592416e-01
5.846992338937462286e-01,3.888713110135353368e-01,4.121613135327406030e-01,4.107305575131230957e-01
7.121438431912567868e-01,6.141382629019408457e-01,5.710085210825652791e-01,4.820703667338122611e-01
6.011647232256808193e-01,7.760667903951508073e-01,5.816106661601687655e-01,6.276048527829951595e-01
3.945903847633354111e-01,2.749842873165885826e-01,3.391207901760716625e-01,5.066109616097214108e-01
1.145362139227741327e+00,1.085304875825053861e+00,1.138751172222788766e+00,1.031188104519055404e+00
4.938304428027643911e-01,4.838298113388840305e-01,7.265389130071888690e-01,9.139258951979838397e-01
5.238932484330702799e-01,4.565833896256768498e-01,4.687100742332692138e-01,5.705590300322750386e-01
9.460982708577554412e-01,6.836932632239357543e-01,8.188064541762467563e-01,5.967232009236853596e-01
4.423363122970918604e-01,1.259439288296282100e-01,7.887838400021890406e-02,1.083085280983793336e-01
2.890430756326074491e-01,5.984715880807710553e-01,7.971162173093601089e-01,8.019536580870580966e-01
1.053342252796617418e+00,1.582264081602076766e+00,1.600074855613230485e+00,1.542871161554463244e+00
1.107889499895170493e+00,1.080283575302985133e+00,1.014463908716967122e+00,9.606611413755491435e-01
2.049511319146228305e-01,1.254492643456454060e-01,2.162099547647607645e-01,3.012214025074306800e-01
4.165722625322146877e-01,5.422402363445156803e-01,7.028371934066564020e-01,8.595330817654310840e-01
2.410216529140238317e-01,3.023352415987887731e-01,3.799568739654708982e-01,3.927511916379500256e-01
7.103546856734342940e-01,6.500924182195256806e-01,5.395217694531834196e-01,5.287011480448671197e-01
3.508155425064385935e-01,1.868202901899330415e-01,8.285017241647649189e-02,1.073057581762276308e-01
1.242311199942663702e+00,7.357811190818501768e-01,8.305455353532827933e-01,7.027989730735435536e-01
4.516587078429263324e-01,1.018183918175925795e+00,9.970579546592794884e-01,1.050065948283569695e+00
1.215913158321402454e+00,9.510742080315721658e-01,7.410722018362331243e-01,1.026652430053496046e+00
1.107061035357735923e+00,1.111793211768351997e+00,1.004020072901330440e+00,8.112762850265851089e-01
9.660776048846855257e-01,1.130718424484034923e+00,1.099005214875408143e+00,1.261127630689541368e+00
6.866153661365699268e-01,5.258202564151012171e-01,5.440606490996530153e-01,6.783192722964613841e-01
3.525948198263247901e-01,5.327032464815879553e-01,5.084184332509373849e-01,6.593467444926616183e-01
2.209736039303271671e-01,4.930713023280337004e-01,5.302276502814233794e-01,5.306641847297530745e-01
5.884024159959806433e-01,6.098603643169322464e-01,4.126732314297688053e-01,4.523038942114602778e-01
2.931560286339530141e-01,2.477992498746777461e-01,3.440329577352200241e-01,6.192304978786336012e-01
1.387945231585650641e+00,1.135635361866708548e+00,1.125253183918725419e+00,1.290515919271858269e+00
3.079919014352022755e-01,1.861251136314784893e-01,2.472228832664752907e-01,3.899302990763831578e-01
4.221011079545283762e-01,5.545453259189384587e-01,3.893470588084470552e-01,5.567113787579962558e-01
6.538821149273440492e-01,8.407896083741657201e-01,8.530290127823154656e-01,9.236545679132082132e-01
7.896103058002007513e-01,1.004651527192149674e+00,1.118669233464755886e+00,1.109681869812356947e+00
5.939688125298347998e-01,4.973926833222050981e-01,4.098066141897571124e-01,3.293926972461463376e-01
1.172841407855458318e+00,1.240847495359287400e+00,1.259499326586863477e+00,1.249566560492673117e+00
4.725056154218695292e-01,8.225443037659900813e-01,1.065557800282685319e+00,1.150690247387851306e+00
1.881551862415536513e+00,1.510882932258095446e+00,1.446420327268033601e+00,1.437832490582599210e+00
6.963835142405504497e-01,2.669033647306633394e-01,3.013841116171059320e-01,2.636487997550079898e-01
6.568349790461738280e-01,8.065966881644492936e-01,7.491612437250253498e-01,6.898631606496724578e-01
8.119025737980610780e-01,9.292101418089970810e-01,8.990743577224323824e-01,9.463713073929639341e-01
1.373345572246481128e+00,1.398678791616962735e+00,1.324293250232924324e+00,1.308254862013018549e+00
4.075261253054713317e-01,4.668133564714627703e-01,5.545632942076598182e-01,5.759816195691035423e-01
1.056240527344412872e+00,1.038578008999372360e+00,9.042678903750742681e-01,9.918535194884321449e-01
4.915221160999355132e-01,3.667981513758140633e-01,2.327071328544497442e-01,4.366298273518529061e-01
3.073705818599477557e-01,4.496922531011736113e-01,5.840795264058910030e-01,4.633946829204713125e-01
8.825762653641103794e-01,1.185788873043220004e+00,1.217278298888497812e+00,1.126520583483271887e+00
9.695011024678443778e-01,8.597055209649200336e-01,8.831028874361974701e-01,8.610683991767372758e-01
4.988019255151130982e-01,6.455671707955109584e-01,6.112438716535731897e-01,6.562580821348744653e-01
3.025805515120249534e-01,2.928820403381919846e-01,2.602868073100140234e-01,3.659680642884107771e-01
5.714547883680423102e-01,6.593126508246894835e-01,7.457888458628487705e-01,7.404228511537480628e-01
9.180189747083327134e-01,5.180708735202073090e-01,5.398946172779071073e-01,4.870972471043175100e-01
9.677156231442807233e-01,7.964381102631651332e-01,8.492717516671579592e-01,7.170666975287813827e-01
1.826471935180345341e+00,1.444612905840412687e+00,1.544064826147704794e+00,1.318560537113621978e+00
7.818692441595123110e-01,7.143103078729975408e-01,6.417655776145991808e-01,8.077630491931495627e-01
3.769152533862480947e-01,9.997479070877059171e-02,2.510074173182398893e-01,1.524069346762671751e-01
1.054896478907846102e+00,9.317855081494940128e-01,9.321101677359583393e-01,8.464313004563467357e-01
7.697685937734077832e-01,7.999346104879052621e-01,8.756723068659401088e-01,8.079656620738789874e-01
9.283426473930285194e-01,9.722258333710461775e-01,8.071666113850535229e-01,9.027993332943097249e-01
3.521941150393544384e-01,8.141587622374473199e-01,9.318567905743910806e-01,1.076794494452018691e+00
4.815713677970638318e-01,5.861587451044766306e-01,4.981483929458056514e-01,5.794739257278196387e-01
1.218771883641453391e+00,9.670340161223167641e-01,8.809995325129457155e-01,9.018746888448851973e-01
5.337455596612873387e-01,5.975863774596328337e-01,5.352860811257608153e-01,7.709169789408027995e-01
3.174381830246580938e-01,3.050462528022004904e-01,3.184818877502869627e-01,1.959658996446877188e-01
5.864792684877718765e-01,6.230476582014369269e-01,7.163331535545320872e-01,9.120161696860666911e-01
1.016118338302060442e+00,7.940548412707018056e-01,7.228877250047722747e-01,8.319116787143041591e-01
7.566487613871565321e-01,5.221510059116860614e-01,4.859495835371627215e-01,5.371026827014574456e-01
6.126489822368451632e-01,4.199512661387594381e-01,3.281506032119393956e-01,3.513622027620988408e-01
8.070184494799633734e-01,6.943455157837820080e-01,6.126763743578902410e-01,4.805215200032834089e-01
1.028310986212976674e+00,1.352982372718399162e+00,1.390952643663906585e+00,1.385677842996090092e+00
4.768574753906436037e-01,5.644921151724864306e-01,6.311473597256026524e-01,6.010996332956762833e-01
2.995978026442152609e-01,5.332748570226427676e-01,6.381044600808928324e-01,5.800115741469292763e-01
6.751421888504370861e-01,5.225727314040838900e-01,4.870624821419721195e-01,4.028249481451212644e-01
1.160300675344608123e+00,9.714019846990686879e-01,1.143005797306452909e+00,1.237867160057719351e+00
5.078386437820516797e-01,4.021972739585010781e-01,4.238568262469366577e-01,3.573743615226670500e-01
5.640418574012162622e-01,6.582132391130466331e-01,7.871933643531981994e-01,8.527177919053295918e-01
1.374003871516741970e+00,1.480338823915589241e+00,1.387079168230685555e+00,1.462291772577482440e+00
4.196514831862979134e-01,2.526479991544200998e-01,1.780686460711853603e-01,1.194836025012558645e-01
9.492142403575674070e-01,1.154344467738097846e+00,1.154410256039904548e+00,9.321622167637915179e-01
7.678430012657568859e-01,8.537540787092354755e-01,7.370013034724359757e-01,7.874465580349020444e-01
7.750893988698311921e-01,7.349469743384243747e-01,7.526548634731081711e-01,7.230302095728562417e-01
6.055686911615473234e-01,2.331151946259401864e-01,2.767121487382702139e-01,2.029529264398640676e-01
2.117031696391075968e-01,3.860642566077377991e-01,3.036592837077854434e-01,3.817965536569264406e-01
9.462290696610604623e-01,1.449787673071058602e+00,1.352978229729848936e+00,1.375580138938345742e+00
2.789482790929377343e-01,4.029903524956335858e-01,6.044974825406208563e-01,7.358146333799618910e-01
9.275809680474339514e-01,8.551436750032559431e-01,1.008547226552553910e+00,1.160108950182947352e+00
5.493700947671000812e-01,4.829269284373978732e-01,6.352616686986102268e-01,5.136042136817682291e-01
1.616119583647052771e+00,1.676824086324470109e+00,1.682159713737690909e+00,1.616623996335039948e+00
7.800152801682946890e-01,1.059779837976651651e+00,9.023195649375700400e-01,9.384842305974609999e-01
1.036629208992216000e+00,8.520570066476310656e-01,7.384631363767782952e-01,6.825114080199147226e-01
4.185300957960263468e-01,1.661184082991306321e-01,1.819770125551598838e-01,1.511477362391733803e-01
5.362633428015042281e-01,1.004603569349381331e+00,9.732074115040054707e-01,1.129945162579814255e+00
3.379147612129110301e-01,2.687160475059349185e-01,1.351318464053871959e-01,7.740006721881881324e-02
9.490963159117858927e-01,8.750949037864198532e-01,5.618443760991833624e-01,5.024155377444021742e-01
2.598385333445318301e-01,5.148963116542943919e-01,5.141858485881553031e-01,6.216365289900213087e-01
9.681215540112024787e-01,4.229830909714045184e-01,4.322216495609093045e-01,4.034792254559322333e-01
4.042350158063877652e-01,4.085623061913318810e-01,4.351991859374260141e-01,4.465617798578962461e-01
9.203437140366406144e-01,7.429546122524065543e-01,9.252791967261595474e-01,8.765466772084085090e-01
1.715130678021027366e+00,1.387410755855615019e+00,1.440701418783709942e+00,1.445742405392548724e+00
3.351985261726693754e-01,1.382808547434796198e-01,2.166588498761474746e-01,1.870121347023711023e-01
4.529263753613399501e-01,2.569062756336517594e-01,2.069204474173593211e-01,2.611382013259511692e-01
2.365977641727847747e-01,1.789116209588943462e-01,1.756244005843002054e-01,2.845697123857868771e-01
3.129896606786601310e-01,6.054032648375563541e-01,8.246603158197366445e-01,7.947026859371584262e-01
7.996824695211270928e-01,9.187399775921051281e-01,1.120451363663671263e+00,1.144543494422506358e+00
6.064420850283659403e-01,1.237192687473872982e-01,1.673988664324944919e-01,6.516570965240640889e-02
6.389180340326848784e-01,5.742795502002877583e-01,5.941194436394788836e-01,6.021651481393464067e-01
4.469312616058083720e-01,6.246545753807349888e-01,6.560563693194171320e-01,7.118001065821227824e-01
1.020383259876845861e+00,1.101741155614903267e+00,1.031316347552707180e+00,1.049102077939015887e+00
1.160318951195364434e+00,9.939382902620854665e-01,9.853754379604403590e-01,1.178777674618959326e+00
8.398756514672814921e-01,5.562110491430930503e-01,7.763125940951337567e-01,6.796037330434485657e-01
8.140015094914314631e-01,5.529478258033330151e-01,5.748615168210321480e-01,4.860811761267310183e-01
1.188081479938883467e+00,1.159976917144811992e+00,1.073252060163566668e+00,9.644855098611617716e-01
1.367334221114827164e+00,1.035634422238062902e+00,9.142790024105341695e-01,8.711953442202174935e-01
7.477123162553973579e-01,6.537965678350240450e-01,6.121064895848769005e-01,6.231300500517007457e-01
1.191188882729375953e+00,1.139882890045536445e+00,1.135084708362383843e+00,1.092229768285359892e+00
1.530097577403267461e+00,1.149573016062530817e+00,9.835700237181133065e-01,8.724798632094895590e-01
1.044317912551290028e+00,8.478054239484168475e-01,7.156085357051596985e-01,7.214829241307902929e-01
4.258047048856159478e-01,4.373374792762458885e-01,4.295121428093895966e-01,3.473119389458625972e-01
2.173005291061635147e-01,3.069233946855267070e-01,2.315060123408655413e-01,5.019728256993567506e-01
2.289071708259561300e-01,1.905753012231050647e-01,3.051682035867814835e-01,3.961775250387623015e-01
4.727630795660461294e-01,1.399669216942521499e-01,9.288213605137249362e-02,1.612208393429163666e-01
4.395409064510605313e-01,3.964616561094171376e-01,3.989867217444537095e-01,3.766146491808865515e-01
5.545908702857195172e-01,6.390770255974170810e-01,5.528560707991622136e-01,5.883298639107112926e-01
6.233438300329531279e-01,4.772437132569888329e-01,3.485530227919629853e-01,2.481391549394713625e-01
4.797914357898702131e-01,3.371043998767013772e-01,3.530742481991366311e-01,4.060892516003079544e-01
7.786135114204799645e-01,6.292576750148743958e-01,7.534286599750462665e-01,6.197161558939476844e-01
2.911786525277067494e-01,2.002921629498353451e-01,6.997245222634539130e-02,1.631583352062099812e-01
1.142146609878190722e+00,1.236270635075600977e+00,1.231899195333389985e+00,1.311545911571958767e+00
8.987030404644700265e-01,8.298985201394181166e-01,9.064497260276225266e-01,9.733189280830754075e-01
1.250779985225412450e+00,1.139810233766485048e+00,1.037802971371659666e+00,8.617544122214523261e-01
4.829123666195278552e-01,4.544941159468556258e-01,4.562435942549896706e-01,4.164917939567875371e-01
1.259878917783420871e+00,1.049535886262835449e+00,1.111889986669112540e+00,8.546553310025818417e-01
2.280170670711361702e-01,3.421292186724280704e-01,3.931863174417589701e-01,5.522323459545843694e-01
4.489119616981795957e-01,3.256547122635151115e-01,2.763311191967945391e-01,2.934519726304560816e-01
6.425702127294328214e-01,6.887377438168029720e-01,7.057239834264278366e-01,8.489801285229465755e-01
3.710464053512324001e-01,5.247316852825207878e-01,4.486159120137430123e-01,4.629551537781325665e-01
7.138113715692896433e-01,5.123621603056236484e-01,4.695698455665683335e-01,4.180163091603871228e-01
9.141664787649965707e-01,7.179277867720582629e-01,5.341325757526861340e-01,4.740472938841275852e-01
2.318540959044576300e-01,5.054009211398375889e-01,5.018617079186815655e-01,5.375146485474577851e-01
1.531962335312129886e+00,1.543837027689665353e+00,1.596251320159046472e+00,1.698193000841378364e+00
1.299262746139164149e+00,1.029316802530101160e+00,9.144282012627811262e-01,9.485284653881541628e-01
7.530461013132676573e-01,8.022478449161520864e-01,7.428817534009442003e-01,8.473260500173881438e-01
1.041807882293817267e+00,9.164344857585426940e-01,8.598420889642326426e-01,7.685819140751787293e-01
5.010734938046915721e-01,2.292466884993845655e-01,1.600253603927159207e-01,2.011021813000697933e-01
1.075243909776560036e+00,1.143658365148976896e+00,9.841598058210503375e-01,9.574210692787967769e-01
8.173462078786566387e-01,8.148826386373621000e-01,9.932161021244223509e-01,1.024189314067065038e+00
8.072836190146774893e-01,6.391455512913408743e-01,8.284904408556306166e-01,9.127518043533492387e-01
2.359458789120743860e-01,1.654201430179563503e-01,2.028902528803775973e-01,2.661267504797848460e-01
9.055732154379190213e-01,6.067299924713351889e-01,4.598246494858717615e-01,4.356137283292539353e-01
6.173024793477948080e-01,9.099331464552976589e-01,1.018875306480302001e+00,1.105108274909813115e+00
3.170010670634935135e-01,1.255759543037507364e-01,3.345520181538251814e-01,4.301241112637669284e-01
7.761767852146372881e-01,4.772119351856479730e-01,4.821587090224729311e-01,3.186623542229874428e-01
1.763103829542960854e+00,2.044089998773075845e+00,2.066032920635204828e+00,1.982787743471806641e+00
9.708190196229795621e-01,9.850732497305171309e-01,1.055495149253537823e+00,9.398798194960691355e-01
8.379938889593436802e-01,7.258672384372069075e-01,7.273029624388450687e-01,7.609699538490239945e-01
3.951209272891379465e-01,4.756707309159752817e-01,3.833512561853790190e-01,2.217037358644163014e-01
1.014336965746698516e+00,1.082884652121120173e+00,1.139220624121396686e+00,1.066975596312866426e+00
8.071226426508695262e-01,1.136925965549712814e+00,1.044970672322663718e+00,1.146026457169203372e+00
1.346116563221905871e+00,1.095158091349471174e+00,9.594526819015963826e-01,9.406953300084953673e-01
1.259347491793304963e+00,1.166984677381408320e+00,1.134640757718490045e+00,9.915531342340961896e-01
4.822068818930269618e-01,3.431204755822376273e-01,3.594359873707259068e-01,3.530336653418506554e-01
4.920788018264865005e-01,5.641463050089549069e-01,6.390629332384351047e-01,6.866098805000085958e-01
1.310943979311639085e+00,1.383268334471489114e+00,1.276034992578060745e+00,1.251733669212168554e+00
1.243597699222859898e+00,1.118778078525200170e+00,1.051839892070774996e+00,1.017987705411587340e+00
7.563975383032978117e-01,7.197883345101474539e-01,5.268924623606173752e-01,4.144226065661300584e-01
8.340435868033464484e-01,5.196911894075247895e-01,5.980578120589631341e-01,6.012125410809903148e-01
3.118533757156881081e-01,6.382862097120072242e-01,6.765586564178095452e-01,7.669482607461268753e-01
2.709180537551678647e-01,1.120335500788096211e-01,2.215912112853576088e-01,2.702605995078733447e-01
7.066314774983023517e-01,5.466761513733630062e-01,4.767731966904049101e-01,3.601141858316266875e-01
8.224917738542792955e-01,5.564634947405502352e-01,5.534727733805515637e-01,5.459403501746379339e-01
3.888068903935809617e-01,2.938001765070800131e-01,3.116180509442215141e-01,2.634848239501023093e-01
1.506135766236801343e+00,1.276535657167719551e+00,1.217505043062703241e+00,1.244650788414623843e+00
4.606705114352735997e-01,2.458575450771122439e-01,2.325775608010168805e-01,2.394098035964344340e-01
4.241482318646620508e-01,1.550156034583872189e-01,3.331815412592671888e-01,4.273739396508024480e-01
1.028167788192436927e+00,9.268525851972029272e-01,8.657997211924303160e-01,8.229202973914513386e-01
5.956370235904542287e-01,5.288413932586932820e-01,5.428307306854375236e-01,4.584398916405288404e-01
8.792952243732756745e-01,7.864573910052465866e-01,8.012025597094253326e-01,7.344044953471197124e-01
3.295938254077465102e-01,5.819389991813105345e-01,7.299429547230736892e-01,6.081967648164330331e-01
6.002352974408515784e-01,7.999816828212609199e-01,7.871223265926587942e-01,8.292301128190044945e-01
4.410654889000998335e-01,5.489368510417184099e-01,6.366308037276120491e-01,6.616876840400064408e-01
5.838215038083883757e-01,6.674951680564525924e-01,7.175825390215756494e-01,7.294328610705178573e-01
5.663281306021298311e-01,8.269762274269253366e-01,8.540131292143899877e-01,9.620803253909081532e-01
8.316838184818247104e-01,7.849309629799873234e-01,7.323183344141953599e-01,6.912878263105667331e-01
1.404211649446444943e+00,1.007562030699058253e+00,7.941233267111396099e-01,8.491113925361576387e-01
1.120682110272471332e+00,9.350840874755178556e-01,7.106759013664936120e-01,5.662866907148705886e-01
7.483583255498816866e-01,5.366079869654356571e-01,5.157910803813394729e-01,3.526723893257190934e-01
4.764779892193554134e-01,9.940488380315649908e-02,1.192873467374876290e-01,8.286248251418133759e-02
7.740004069922252761e-01,8.234109072804426388e-01,8.326142918607932764e-01,8.459435486562726370e-01
3.854509556046107899e-01,4.270763136694541995e-01,5.704098616612066630e-01,5.519367167494289017e-01
6.440034375375529585e-01,3.196618839096719289e-01,3.830264852958644162e-01,4.085294202112371154e-01
2.575001593932351729e-01,1.577466939295127935e-01,1.436820742095872017e-01,1.402944064919451062e-01
7.070130724247244425e-01,6.814803634911793528e-01,5.729142650295500072e-01,5.510220896752549002e-01
7.398935226257532527e-01,7.614570561321992725e-01,8.661871411378668784e-01,8.407451599075511650e-01
5.362760055209812027e-01,7.304043141979720266e-01,8.006992502069060214e-01,5.881780510261814809e-01
4.602984285475325010e-01,5.615168542599436874e-01,5.331268226961036749e-01,7.011508841438470752e-01
1.647306858935583040e+00,1.921078792000270097e+00,1.756665005204704810e+00,1.768422167993392025e+00
4.439165422778900139e-01,3.291094067679598001e-01,3.591900919918530888e-01,3.397315121629984613e-01
5.808775065942227700e-01,7.632672135289305659e-01,6.421272210152066950e-01,7.161042407811878396e-01
9.345455377462269508e-01,8.882214671383992233e-01,8.199966874162222252e-01,6.803176884807304869e-01
5.056888075541102756e-01,3.729452077539717747e-01,2.809627045519854094e-01,2.009112987707573628e-01
6.524761777892486014e-01,8.377127056829630769e-01,8.195282781756429991e-01,8.784045101438606729e-01
3.184255740979400895e-01,1.481536694928996534e-01,7.483406604921695460e-02,2.450528761359297980e-01
5.422197068241396689e-01,1.939823431525394548e-01,2.162848791079665378e-01,2.168469777473540916e-01
1.062406620290587522e+00,7.231255462575142401e-01,4.368927149591628756e-01,4.695282407723220808e-01
1.314328189140766545e+00,1.176887815925566461e+00,1.040810377871595138e+00,8.771774985346523223e-01
6.613420722227624227e-01,6.705574403677424522e-01,6.849374642171640604e-01,8.128786226375968038e-01
7.515059791960868596e-01,9.765056469770507785e-01,9.034221651234678463e-01,7.854531271757319022e-01
1.792669483617389536e+00,1.329337909702079212e+00,1.500549686487694601e+00,1.294687565566866372e+00
9.658114141855258517e-01,5.585841554075281490e-01,5.956744564272892228e-01,6.592714285827813159e-01
7.243351303732061819e-01,5.953229518304135048e-01,5.367921656101786176e-01,5.901209468968521277e-01
7.624173523980793954e-01,5.768389932303450429e-01,5.772944301899022301e-01,4.950975796017224595e-01
8.152311667161669106e-01,6.240420500606840282e-01,5.450302032615580439e-01,4.370277598927519991e-01
8.361061319365098443e-01,9.390198232926001420e-01,9.744557415978450932e-01,8.019293181190426667e-01
6.277790003293030052e-01,8.921153602822776696e-01,1.017312205725097174e+00,1.065124480158717413e+00
8.188055860867268221e-01,4.125532904302764980e-01,4.623698161780127047e-01,4.598704233139379594e-01
6.140491467839067630e-01,4.898439722546659159e-01,6.599469665569985821e-01,5.011214705218490773e-01
6.005622709104876389e-01,3.125462529313418059e-01,4.011927505326876031e-01,3.762447886954821130e-01
6.264280986252499517e-01,9.131204615210430919e-01,1.034674915278071206e+00,1.112817988806874547e+00
4.054299811573048307e-01,3.573157175949868702e-01,4.100192394008179697e-01,2.417280659407772536e-01
3.039820308247698777e-01,2.141956561412998450e-01,2.040373951926011120e-01,2.737918677059529293e-01
5.137568223085008379e-01,5.980943540822091231e-01,5.274093153577871229e-01,4.935625752195758609e-01
4.871428289040988791e-01,3.297622570005045994e-01,4.909711978888305350e-01,3.835675086767866837e-01
1.250207988567366701e+00,1.050768141717807413e+00,1.036918200227335607e+00,1.040364441296755205e+00
4.073639396006116242e-01,2.577366529218061419e-01,2.116507926495604652e-01,3.375310065582616259e-01
8.685058303585669881e-01,9.591691046387728070e-01,1.153348335366254140e+00,1.042729580421130953e+00
4.057748294665071698e-01,1.766149292139425064e-01,2.088399060159373544e-01,1.085538781410182174e-01
5.096623458637991044e-01,5.851459809242568477e-01,5.664914491036373567e-01,5.391099647692610963e-01
9.008873981953477994e-01,7.519765946966433523e-01,5.165857497613052240e-01,4.106987883522001948e-01
4.475493311730039947e-01,1.600825525342490785e-01,9.974064173893164298e-02,1.097755604248405875e-01
1.498455980420055900e+00,1.398278078935820679e+00,1.345996746048742088e+00,1.443003566125333093e+00
5.210739463698118579e-01,4.978411336547665655e-01,6.860278215628693443e-01,6.151871295683469798e-01
4.251050367918439710e-01,1.598412849234949196e-01,1.645644026698079299e-01,2.535996866364451097e-01
4.335670314496640754e-01,7.060434744668921958e-01,7.328015684211012237e-01,7.472259708671231682e-01
1.413032365830273474e+00,1.421620486603786704e+00,1.178889436964124071e+00,1.351034833504082933e+00
1.037439559760553687e+00,1.276235279058363759e+00,1.222734081667327333e+00,1.132226088250346319e+00
6.440005206140322347e-01,6.346004427521384494e-01,5.901135187195425402e-01,6.866728946852486137e-01
1.286241095147645064e+00,1.474185850770858730e+00,1.414187189484393592e+00,1.333704833173517956e+00
1.818557862243729950e+00,1.902946638700104387e+00,1.895540526212615706e+00,1.819275595231224729e+00
8.447542719713259096e-01,5.942464234530305811e-01,3.956623843163590282e-01,3.762939013350574124e-01
6.781741457302178366e-01,5.919604677268818227e-01,6.173201856690265776e-01,5.243242825408117591e-01
8.200298537050428882e-01,8.151884181398769691e-01,8.487589470024624605e-01,7.057179026989360837e-01
4.445957162674669672e-01,5.201042793279653242e-01,5.614351194904895204e-01,7.594662050390496022e-01
8.264605220459336765e-01,1.182882350829317142e+00,9.208588101459508346e-01,9.820499551225463364e-01
7.095354777700030313e-01,4.198172617113276051e-01,3.178589226801524781e-01,2.621430693668655443e-01
4.538889260370327916e-01,9.238825335028798269e-02,6.934139530951775876e-02,1.236686200927112483e-01
7.626564305709525593e-01,6.806574341045986687e-01,7.508775557938559553e-01,7.595756628077727779e-01
1.025082281100520243e+00,1.483532820207941638e+00,1.599968365881098364e+00,1.651836512008449498e+00
5.844778903457703567e-01,8.930880940729292172e-01,7.877884831832726586e-01,8.478014317363953278e-01
8.975947482353228146e-01,7.647465083058185842e-01,8.271534556060433641e-01,7.949377081944386525e-01
3.310345404183970275e-01,3.455192927518941914e-01,4.461097669773426699e-01,5.492149778793760095e-01
9.669940050018335231e-01,1.134260640294019407e+00,1.199954944264854717e+00,1.380932564639561821e+00
1.388061963955055544e+00,1.492465499654627159e+00,1.176767939730316570e+00,1.297934511554462045e+00
1.288366801976751352e+00,1.134666221825388233e+00,9.932104461178308252e-01,1.030036864417502196e+00
1.424863302264922194e+00,1.038981731868926728e+00,9.464200167971638100e-01,8.696074218014419044e-01
3.775164490662643590e-01,1.079526375369454366e-01,2.040215732034468821e-01,3.542066130437993010e-01
4.302985733803956214e-01,2.039956313726697668e-01,1.065592106163105873e-01,7.310103669509945834e-02
8.260699603114201039e-01,1.143067818742040220e+00,1.307082776335643182e+00,1.161346540866451615e+00
6.691811253013115746e-01,2.530395165511674649e-01,2.561257711082189914e-01,2.308990126198859072e-01
