1.327077286019939351e+00,4.808149044581471188e-01,3.336182154451440285e-01,7.691940139438933899e-02
8.792484291859199441e-01,4.685563046515669461e-01,2.868338562835488492e-01,1.517229737062695538e-01
1.087336322012044443e+00,5.298365485488563120e-01,2.403419298923120673e-01,2.084163735999528255e-01
1.235170196535374076e+00,1.000051527329993140e-01,1.704572155445876758e-01,4.059976013917499515e-01
7.991257427929332469e-01,2.685665628900037460e-01,3.163152571162671789e-01,1.055552028170587825e-01
8.959353478103149193e-01,4.461760035140399649e-01,3.923757707538206851e-01,1.464174359948415549e-01
5.105751761116169574e-01,3.366092035664719484e-01,1.477293648470985599e-01,8.843752129263697526e-02
9.262451562215676670e-01,2.658753307474952532e-01,1.704424484662507844e-01,2.543063190924295114e-01
1.144158550201037405e+00,4.454053427784537833e-01,3.947368323795229506e-01,7.085787813738168850e-02
7.889796262934564153e-01,6.419048421923244652e-01,4.412661035736939463e-01,1.022644854420882016e-01
8.770906933555272511e-01,2.909263669834983856e-01,3.179483273423526213e-01,8.984984251177755010e-02
4.646003718890659995e-01,3.457731375052326972e-01,1.510053515689890324e-01,5.434530439296789833e-02
1.798992549451985667e-01,2.492053791355049175e-01,4.723516515403204941e-01,1.522043424318567095e-01
1.211069974387686488e+00,5.420166102330603586e-01,9.877076925654337813e-02,2.229156833230570567e-01
3.608535231806837551e-01,7.391105389677596893e-01,2.091907645262993942e-01,1.226192849332435331e-01
1.095132797139636738e+00,3.516581198033238431e-01,1.593261837418678828e-01,8.296874249248918642e-02
5.816021295788074141e-01,4.275323101776317691e-01,1.194114806893703945e-01,8.593611864514859311e-02
1.599831011484690313e+00,3.169102291970793961e-01,5.002281781390993665e-01,1.089364676437935137e-01
1.055218850633627303e+00,4.116520836906696901e-01,3.084543500724293841e-01,5.963029774679935724e-02
9.408322382365770231e-01,1.531293529537546827e-01,2.359098271029573535e-01,2.280368640957240456e-01
6.793367860855049623e-01,2.096251823205637077e-01,1.906081181070778396e-01,2.783060572757016793e-01
6.892444175987746391e-01,5.478206991724150487e-01,5.397424324068871293e-01,2.138621249203706554e-01
1.882281048967460846e+00,6.079983041442764691e-01,1.017650564442117017e-01,1.661282953523716133e-01
9.862959984178885087e-01,6.481712191383589561e-01,2.940353844691480645e-01,7.560602319007679595e-02
7.185726482478876909e-01,1.126354775882034032e+00,6.625266519797348153e-01,2.339371171969491237e-01
3.026685959681054694e+00,5.516777861805914895e-01,5.078341297085854356e-01,2.736705844413503397e-01
9.663923950627835158e-01,1.896232225537231031e-01,4.922771675783927520e-02,3.026536563332836161e-01
5.258088579034687626e-01,2.401345520520742072e-01,3.217393689118442923e-01,1.354965552072184554e-01
1.000556999557062232e+00,7.277794015798820793e-01,1.137460516534246069e-01,7.803901397792992189e-02
1.040677518758639009e+00,3.904742804733513095e-01,3.118773659102396234e-01,1.238279681202650445e-01
6.940912632086870815e-01,9.811697436972381947e-01,4.367321052184242047e-01,7.266004630202491099e-02
3.409961902968793868e-01,2.196866732010309686e-01,1.237497475181513762e-01,6.712284101105273071e-02
9.855192865962163484e-01,4.692111799127331451e-01,3.132673119212597279e-01,3.017633159007634958e-01
1.409914553533886172e+00,2.815735882557556802e-01,1.789266811751309971e-01,2.117811957630238717e-01
1.270745565493021312e+00,7.868834510940586613e-01,5.463727761343282197e-01,1.864398841244503113e-01
1.270398276816393501e+00,5.508875955636708399e-01,3.045538520477699129e-01,2.709226490733590009e-01
7.700416100608917791e-01,2.671513597800800333e-01,1.684994138691253696e-01,1.189919209819798873e-01
7.784391370005564470e-01,3.041509512729755893e-01,3.370287814828495376e-01,1.604781100908808655e-01
3.061590088895190132e+00,7.779681036577360542e-01,2.897374137163484797e-01,1.698877882354942470e-01
6.040464049719828088e-01,1.064114733270100227e-01,2.789051425759174752e-01,2.671905901184262744e-01
1.375474679994986849e+00,2.154160006986196862e-01,1.586420811238846984e-01,3.502943479580890307e-02
1.563852455820173404e+00,9.443251669787746660e-01,4.355772650136792157e-01,1.602143049884144632e-01
6.146694338986907757e-01,3.673679964444046542e-01,8.050151379773681781e-02,1.889531166901677328e-01
1.700751281536906578e+00,3.148046537628927388e-01,2.687467518887665663e-01,1.682601509569919829e-01
5.889192947000119194e-01,8.005741592238238002e-01,1.610496764035674322e-01,1.938933651078086906e-01
5.700375135951175620e-01,2.705916262464807542e-01,2.504764383150480112e-01,1.188765924508317223e-01
1.472022172111942417e+00,1.111365669413810625e-01,8.825163713919514930e-01,1.104437369592781992e-01
9.974877741820149524e-01,3.389598082436079962e-01,3.491874158214353652e-01,1.571569668082525018e-01
1.018907724959935646e+00,4.405480168344838021e-01,1.527595673364395557e-01,3.386564561079343644e-02
1.900590007937744241e+00,3.817158547580449257e-01,2.140259828541365150e-01,7.771762490008438107e-02
1.642076877396196677e+00,4.297437228446268076e-01,3.399840432379012123e-01,1.996323968457754949e-01
5.829623508197190329e-01,4.509392593015023598e-01,9.770966437318480413e-02,1.580349031124617387e-01
8.350911406735664899e-01,1.384006476024854382e-01,1.915127813639419807e-01,1.991726003086059515e-01
1.676557924489160412e+00,2.410139730261903479e-01,5.833850428702700430e-01,2.173534675921281190e-01
5.390683324031985135e-01,4.700533622164467795e-01,5.378729275122500209e-01,2.466213179804660760e-01
1.129301865270150751e+00,3.130830571773167148e-01,9.136309189381533469e-02,1.271731180602061195e-01
8.045142799808762124e-01,6.739305163850224656e-02,3.388524234206313768e-01,1.904622890582226002e-01
5.190958740006046401e-01,3.147823593710553092e-01,4.471541605929199581e-01,2.512371312081915220e-01
1.278441575831462673e+00,9.535230289945035853e-01,5.157797167275626204e-01,1.529839868275557069e-01
5.063569029835978119e-01,6.669399207246740069e-01,3.927994166679692478e-01,1.368987456880643439e-01
1.021528245299363924e+00,1.919529360181455591e-01,1.688589714808576836e-01,7.006941440402071619e-02
1.073603055857829114e+00,8.518930508059933127e-01,1.906692300693005604e-01,1.287630348333073382e-01
1.216585220590367555e+00,4.764610221215846431e-01,4.816262172434976341e-01,4.255748185342935752e-01
1.770448877445454761e+00,3.673023119407756165e-01,9.634459496407717094e-02,8.673325142236795737e-02
7.873721706664035258e-01,3.973169175427979649e-01,4.071061586711659519e-01,1.093816700484337989e-01
1.176953040303009512e+00,2.025419666683345998e-01,3.920359208392814043e-01,2.981331256786971529e-01
9.337752608675373711e-01,7.352285650463865618e-01,4.596155277830930030e-01,1.197836828574820878e-01
8.976524478455277789e-01,2.552474698319201485e-01,2.475562867192324656e-01,1.652981052531333206e-01
1.453816894996589504e+00,5.113359046155693255e-01,3.675483166868308560e-01,2.005106840421270742e-01
3.731065203948011888e-01,7.510143021806748864e-01,3.892984067259995795e-01,1.088180562172931659e-01
1.808489896803941122e+00,3.088837481304164134e-01,1.828696181591970560e-01,1.315370884643400906e-01
6.120222321022332768e-01,1.554017888393053326e-01,2.215742792693387309e-01,5.358440634843254780e-02
8.228062883258248084e-01,5.584722136312416652e-01,5.053322245203983876e-01,5.218280289991701626e-02
9.564861231647222573e-01,7.998752216645191870e-01,1.496245605317829130e-01,4.795865089797431147e-02
7.212335979580084544e-01,3.575929587977732527e-01,2.545910444613808665e-01,5.210430019919125300e-02
1.449168391911956455e+00,7.706738645881063832e-01,5.821087384732529652e-02,9.618166840719211130e-02
1.102085718007361104e+00,1.871821546775808698e-01,2.057674057830714276e-01,2.071237619960353271e-01
5.494994249532395569e-01,2.418750337771359005e-01,1.234528925483417278e-01,9.851767372461560368e-02
1.068512876013118840e+00,3.104014696462982226e-01,1.029278072538217237e-01,1.184041528657305969e-01
2.273592689846920312e+00,1.256220687149262272e+00,9.266795272539757322e-01,2.025003867098769672e-01
3.379546376318807166e-01,4.239106763051310178e-01,7.738368956583626668e-01,1.808091373740392527e-01
1.276725196823322639e+00,3.644190624084541197e-01,2.255673009265990736e-01,1.009600331279092711e-01
1.025169828261026872e+00,3.150861446581118552e-01,3.074721179254764070e-01,1.004125195401721488e-01
8.837798190412325949e-01,1.891669536635167403e-01,2.013288762770876761e-01,5.381597590274755927e-02
7.723281506457739809e-01,4.874106464230179014e-01,5.473376044671326435e-01,1.466742455407538670e-01
1.303805667011681324e+00,3.025052834400208113e-01,5.457379741920652394e-02,1.832236974039084809e-01
3.338831498734031733e-01,7.800855277435481128e-01,1.441086290062855435e-01,9.223347987947100313e-02
1.190208717677678774e+00,5.183605029633473471e-01,2.372208132264979619e-01,9.362652973044789662e-02
8.872851448605063585e-01,2.393560933219697207e-01,6.620898545099237475e-01,1.847465169572566901e-01
8.218393257882897762e-01,4.978068216122309986e-01,6.541058041979077586e-01,2.134898976921204283e-01
1.511467340192990338e+00,3.014377052247760869e-01,6.427529789105579372e-01,4.516971042961634430e-02
1.215819769331275335e+00,4.510446061556224184e-01,5.915292675480307016e-01,2.431413601288847648e-01
2.006487916889548584e-01,4.265661620976115564e-01,2.204207141831655836e-01,1.543336657241757004e-01
1.078822419509917196e+00,2.503162554645648741e-01,3.098831601156891713e-01,2.132952076170469002e-01
9.878090507696764000e-01,3.523136057339272820e-01,1.608177097612455420e-01,3.757090929261180379e-01
4.327111975691228518e-01,7.931034491644390894e-01,3.221130105199310201e-01,1.580979838156012507e-01
1.254822638611052366e+00,3.450574121582770104e-01,7.725114407879694889e-02,9.735874217810479292e-02
7.537501976336775655e-01,2.843890191426954317e-01,1.941214907770107412e-01,3.288669071592390525e-01
1.122849704481671651e+00,7.067464058769133972e-01,5.558351072672277349e-01,2.507871846682555583e-01
1.363693940381776715e+00,6.171896385268734742e-01,9.594133556969862420e-02,1.185710871312509324e-01
7.551091302018301255e-01,1.408020965889264231e-01,5.978199147113607559e-01,1.729731695839835659e-01
1.102733367577804380e+00,1.015070304018785174e+00,3.433959345301300092e-01,4.054861671614516938e-01
5.491890502963304721e-01,6.926186869843131699e-02,3.776202493294398277e-01,1.485621219957172223e-01
9.170209483916740290e-01,8.533019965944980134e-01,2.222472678290370041e-01,1.011492041440872763e-01
1.116640359238492586e+00,2.312658634055936024e-01,4.852074701337925899e-02,5.487863027180671371e-02
1.435863264267182027e+00,6.669910198629905862e-01,7.263530678666086926e-01,1.401895655776095040e-01
6.127346744474104767e-01,1.664889282907602963e+00,1.774623144367185323e-01,1.762753317473240433e-01
1.263891302197289956e+00,7.764267746535786774e-01,3.293300049612454261e-01,2.178223360639919282e-01
1.298957982918732545e+00,4.874711267341267362e-01,1.378990663281734752e-01,1.492922811973843578e-01
1.140839329816076608e+00,3.855532754882669000e-01,3.976729588846116825e-01,8.649607436036969854e-02
3.510223931654979368e-01,2.798085184224934907e-01,1.060278207235568759e-01,5.233098918196156524e-02
5.924602871681429184e-01,2.210401241018138951e-01,5.591683284955444311e-01,2.985691992824045515e-01
4.116853289873063093e-01,1.064566244269512241e-01,1.286704821537679733e-01,1.339738605084041523e-01
1.968883589567729464e+00,6.828727927704500988e-01,1.866006817345324531e-01,1.337153947928920450e-01
7.389287624390247222e-01,3.640306228103832309e-01,9.228227206152229967e-02,1.382090006462174669e-01
8.408871656042929965e-01,4.145479780291026484e-01,2.164172726358494780e-01,2.212551990030201254e-01
1.795569929417800914e+00,1.334110190150648578e-01,3.723636596019342382e-01,6.491698791780396716e-02
1.242915248545367612e+00,2.776677915949559150e-01,1.699587476495819371e-01,1.230090449639814343e-01
1.827009182326382986e+00,4.722057392003272680e-01,1.376762258147888884e-01,1.262715080091742492e-01
9.696927820342308157e-01,1.362382208982051424e-01,2.455575154717971886e-01,5.834831766247108864e-02
1.169268228311273194e+00,5.178573883773369690e-01,2.413403640266680306e-01,1.521848871155986604e-01
1.001274557544801214e+00,2.256303881891527363e-01,4.338924953691096487e-02,2.892648483430880837e-02
9.062491180048432016e-01,4.810368960045021680e-01,2.185286316820484742e-01,1.580738894673419936e-01
8.552506612381683970e-01,1.210474256415688121e-01,7.753577111116449760e-01,7.728346666076038596e-02
5.778644311269970357e-01,3.175852294897241190e-01,1.962022581067464910e-01,5.627897766482237163e-02
1.323954477256317208e+00,4.335074726178025917e-01,2.291902729230534397e-01,1.422140771725217689e-01
4.001977687179038567e-01,4.401196288329952133e-01,2.074044469519235878e-01,4.289958726393538341e-02
1.319825035396305246e+00,1.879475608483420768e-01,4.587495287745772116e-02,5.495635478935182450e-01
7.767991998331332804e-01,2.981266309202708631e-01,1.310455962818790621e-01,2.012508203298218612e-01
1.401243319189835468e+00,6.139608841746814205e-01,5.269949003320528735e-01,2.168313170916240373e-01
1.361778255469064058e+00,1.627067463458243379e+00,7.996047408285316127e-01,1.636762950976539122e-01
1.058215088582157293e+00,1.076111782089109320e-01,3.326225410726805776e-01,8.119614059184479538e-02
1.058810106258891715e+00,5.826491208192607907e-01,6.062266650675620649e-01,1.916979101648068895e-01
1.456147241969287354e+00,1.432894188998845020e-01,5.283696963582453776e-01,5.625835176276360039e-02
7.963951119576050397e-01,4.444135592657285638e-01,3.483223141882110241e-01,1.028710889872079259e-01
9.055249299213662395e-01,4.027523148967841471e-01,2.408926879086971395e-01,1.219311650459941054e-01
4.678340774513037870e-01,5.754172703298771063e-01,9.902675782142661420e-02,2.803658430761361564e-01
1.109053259191890461e+00,2.404412491383250139e-01,1.920067119635147090e-01,8.812524248792716342e-02
6.191395059476096918e-01,1.125865389101279757e+00,3.698763973575122654e-01,7.941041354265766794e-02
3.441636485814500990e-01,2.477140976565563313e-01,1.753406791013059629e-01,8.852710489985979314e-02
5.797432906343816805e-01,3.485644264386328350e-01,4.204441309909462965e-01,7.673186157071465452e-02
1.064190227079958584e+00,4.416554795855314741e-01,6.638792129497325112e-01,4.105183003895289673e-01
1.212127419484740232e+00,4.373238059455230586e-01,1.041438027503780034e-01,5.466038685700888577e-02
6.678854493389435598e-01,4.027888798828231365e-01,1.347173419198566258e-01,2.630763288440336467e-01
1.029218256962511457e+00,3.637682482986818178e-01,3.001592079634521903e-01,7.277966523491979922e-02
7.951836491536741214e-01,5.324374554692884454e-01,3.252762141907272198e-01,6.108902439901325865e-02
1.525995769883218278e+00,5.435655960785842344e-01,4.233178202942725621e-01,1.821946107565221851e-01
4.106154247504614219e-01,3.285849591226910893e-01,4.284764578663762258e-01,1.017016093871291049e-01
1.403667641744660077e+00,2.080308726266042740e-01,4.931576380010364025e-01,7.161360075799975966e-02
1.134823776575266008e+00,1.497402328517454528e-01,6.243206027298416755e-02,1.850764540614800446e-01
2.843918317347129854e+00,1.515550119620423075e+00,2.465215615760226187e-01,1.372168809754440721e-01
1.560667816088000981e+00,5.093167680223213978e-01,3.526521596903855471e-01,2.412697091875052879e-01
2.743235986278417249e-01,4.741665232015136455e-01,4.320268943287235430e-01,1.550162167526803469e-01
1.203926783770127296e+00,5.567894777936867046e-01,2.026374959395974285e-01,1.839090758072478848e-01
1.184236740503722851e+00,2.110079472877814388e-01,4.255378070964581094e-01,3.709133447567881242e-02
7.785469986967594735e-01,9.121753674986216032e-01,3.980001369505528075e-01,2.781564547477034521e-01
1.565321041122890444e-01,8.492119853350206249e-01,4.018207643167415744e-01,1.316878568395045690e-01
1.575367312988209756e+00,1.527713218069154111e-01,3.160446861464507595e-01,9.946256025553322500e-02
1.340811068952471707e+00,2.962605374029288474e-01,1.975125903266793104e-01,1.856884112889871652e-01
5.957142566097626268e-01,4.030729155790998552e-01,2.536492313114328545e-01,1.719917098216117435e-01
1.020216393022608026e+00,3.076775297179490387e-01,1.172715752830389840e-01,6.766245875775028784e-02
1.033558775399970653e+00,2.375066671784659966e-01,2.400076453491772621e-01,2.209173877068199010e-01
4.884041213198749842e-01,4.055229480164850298e-01,5.691245209218080969e-01,5.666655587803569316e-02
9.182554075307745034e-01,2.744633384793269126e-01,1.394147559824948646e-01,8.808829576017547514e-02
8.928474704771943715e-01,2.131432344766427678e-01,1.944094180511109216e-01,4.788215603187860603e-02
8.969097443987787965e-01,5.718869250085141243e-01,8.499111047806809927e-01,4.895546307405374692e-02
8.146816437747247397e-01,6.069628485091472792e-01,2.282611666676095108e-01,6.623101729368312263e-02
1.120850451819705551e+00,4.372984932504888622e-01,3.053290186220844471e-01,1.022619440582992478e-01
1.725306165660174473e+00,4.029903404370125952e-01,4.838649973513510782e-01,9.607800099349657341e-02
7.790416361925587285e-01,2.729843122656994137e-01,2.973006722115047462e-01,4.527948829502267264e-02
1.130888847588000123e+00,5.451619939177182461e-01,3.247301552741387320e-01,1.393510966092134096e-01
1.710391368152552216e+00,4.069408112892108353e-01,2.313666767867066376e-01,8.123946964609296550e-02
8.088054424341220017e-01,1.875903458015538705e-01,1.919337625965277239e-01,7.439212081945979771e-02
9.337645889081358508e-01,3.064447969014608142e-01,1.827534868366354759e-01,7.352503304636905102e-02
3.865842129074935074e-01,3.173527021493541822e-01,1.541572876690322225e-01,2.023010930674029317e-01
1.071241855333335602e+00,7.234457639140925433e-01,2.384146719657939950e-01,1.634461427754396179e-01
1.554298148360829801e+00,2.012634201171246695e-01,4.019326792634610457e-01,9.842420764060491600e-02
5.953431754930360587e-01,1.128884848780479455e+00,8.582245399880066017e-02,9.132370079574218813e-02
9.543448966226810715e-01,6.680146469316147195e-01,2.590295542819708308e-01,1.286750436152140631e-01
2.026538777463161800e+00,8.444995253936636859e-01,3.280049931536304086e-01,1.849751542075962485e-01
1.320322215370091978e+00,7.271442416120850183e-01,1.073765043705228323e-01,7.986164156797770364e-02
6.597071231140859693e-01,2.150547695854262420e-01,2.008209842139337675e-01,1.659981500742198912e-01
1.183812307512001061e+00,2.379294669908518789e-01,1.270807796750691998e-01,8.585884676780544678e-02
4.980131880794521071e-01,4.847394977579967956e-01,1.896454810537183955e-01,2.742262090591553458e-01
1.928187612435938947e+00,1.240330740274508126e-01,2.160915996941336070e-01,1.679692048409625327e-01
6.404923518712408725e-01,7.656664164740170087e-01,2.157326660606827262e-01,2.370556574385827286e-01
1.047040414133271646e+00,2.222718381544905586e-01,8.443341674693158327e-02,9.786569054554943026e-02
3.783234076380901922e-01,4.251714139745397802e-01,2.000209073562838058e-01,1.271390714786181375e-01
1.484711591355009741e+00,6.170117450473979748e-01,3.897182263932439938e-01,1.384370400214796903e-01
1.067004534040574493e+00,1.821933321611269307e-01,1.099547284349856741e-01,2.716463813440469499e-01
9.613375069117763294e-01,5.846882702972545642e-01,5.298040026901588151e-01,7.267558620032350813e-02
5.869178461507661426e-01,2.511746900269094529e-01,3.494807512413199424e-01,3.507070831440602943e-01
1.346591225600214825e+00,5.648079435455948261e-01,3.628399743873201300e-01,3.534301520614379633e-01
4.605078447210274040e-01,2.722601879744526165e-01,2.039714860453773482e-01,5.806231757507147873e-02
1.241380689380527924e+00,9.405915739972391387e-01,2.401503789691087354e-01,1.772811590001077409e-01
5.678126002592398525e-01,3.548816908142350401e-01,4.393700570406245537e-02,1.355028630184255123e-01
1.345123022999027640e+00,5.146837055222465152e-01,1.809238419085721084e-01,1.535338968330388354e-01
1.260951403446448404e+00,2.452814478277048627e-01,3.820785522797818246e-01,7.838906067384802945e-02
9.588115129067864562e-01,4.633527573699471325e-01,5.845082060407664759e-01,1.504773089571403710e-01
5.199939305037772908e-01,2.038716208438099975e-01,1.483022858939077870e-01,3.710417579985176434e-02
1.738733192703814989e+00,7.291141250488619718e-01,1.197505340970653892e-01,1.545060745690558512e-01
6.784189512991238846e-01,4.789616255754702845e-01,1.244011147964413228e-01,1.309188350117583000e-01
8.067818615734131393e-01,2.577101970042062762e-01,3.736572902218660008e-01,2.883843466611700213e-01
1.026946726324297066e+00,7.043959003176347711e-01,2.239260292400082897e-01,1.181588354610351999e-01
7.057141616538962214e-01,1.588470473516130077e-01,5.375545177805025610e-01,5.695612325075876531e-02
6.363199243923249870e-01,2.698639327398551502e-01,5.746116925626367639e-02,1.511472598033422876e-01
8.482839879978253395e-01,3.579004790189751484e-01,3.673149247053856259e-01,2.156398680346376107e-01
1.176689799311351203e+00,7.806122496160395885e-01,7.394439764028752637e-02,2.695851845434412905e-02
9.843403548063870412e-01,9.652615016791907254e-02,2.208019775151563446e-01,2.148623537392836402e-01
1.374078763081538757e+00,7.493731264115514046e-01,1.438166346718645072e-01,1.016218983655394481e-01
1.610708891706812196e+00,9.306091365987948505e-01,7.210337824569501564e-01,1.599188462033478975e-01
1.518693553652102679e+00,5.232271456827705114e-01,2.942942656208870078e-01,1.545273255208185759e-01
8.400606542401680699e-01,3.266350385461122552e-01,3.098426767569885110e-01,1.216345502833201669e-01
1.092237480642920922e+00,1.842132234373014543e-01,2.713168223103705201e-01,6.702361950034832483e-02
1.108726151988023823e+00,5.213447458641764509e-01,4.376493619970149296e-01,2.423061737215267408e-01
7.140042472535338414e-01,4.178128600667737613e-01,3.077179036688283409e-01,6.280999494626687829e-02
6.398772910799059854e-01,1.920131296686947431e-01,2.599190223475503214e-01,8.602215274824556723e-02
7.134292554568953948e-01,5.153127195671052263e-01,7.518538033692753197e-01,7.090412491082304092e-02
1.214026252781563064e+00,7.520604717572525466e-01,2.253454552135355782e-01,5.907478068883739025e-02
1.312617232678141566e+00,1.765855128539224883e-01,5.375547039305608177e-01,1.566278604629202653e-01
1.473256128191241299e+00,2.508153605957474941e-01,8.791902462171874433e-01,8.928376936482214365e-02
6.763982644624670915e-01,1.846780457181808333e-01,6.270227118184112935e-01,1.280600336516454774e-01
7.295907398919632136e-01,7.242544017748520080e-01,7.387201548189253897e-01,5.246902552846987450e-02
7.513935640637822155e-01,2.835757659420264920e-01,4.721127570237692583e-01,8.511325633377155031e-02
1.093868817974097407e+00,3.782791989453382353e-01,2.178611712258378963e-01,1.108849486613557866e-01
3.378003892259654473e-01,9.691785661619906067e-01,8.880160053658776864e-02,2.238023813142421548e-01
9.946637748519708833e-01,5.455528700662960473e-01,1.005985567583643769e-01,2.106838055076794280e-01
1.360727934268161077e+00,5.473135570005008832e-01,3.405812179911539839e-01,6.096349434710987558e-02
4.818882022203712090e-01,1.112861739534992012e+00,1.176604052298334258e-01,1.370235198060023862e-01
9.794439700051809083e-01,4.560736641923609502e-01,2.694711812353778324e-01,8.499348666191121338e-02
2.362628994196871002e+00,3.456812927932434443e-01,2.580490210263881590e-01,1.111718627239043772e-01
9.387023501359131883e-01,4.877405295680281028e-01,2.135563400653233690e-01,1.080247949846210032e-01
2.467322527432449786e-01,2.875284709631902302e-01,4.259137938588604122e-01,9.635658643905525844e-02
4.464956386945331812e-01,5.387377946882004887e-01,8.101377770728417083e-02,1.334515176689475557e-01
7.433651132684703233e-01,3.372410549282656711e-01,2.005429956913714895e-01,1.242306292009426744e-01
2.291397945501897071e-01,2.635767561386124780e-01,2.539292118197629122e-01,9.746296663967676799e-02
1.773071711830340957e+00,1.348724411782459498e+00,2.193426674323715742e-01,1.883910856891347352e-01
6.895562030132473819e-01,9.299393883490841839e-02,1.897471800009437604e-01,2.871026327499417996e-01
5.880605269304021165e-01,1.856509724297955299e-01,4.998220121244646430e-01,4.139206668220022506e-02
2.845283380207963120e+00,3.918837326717967140e-01,4.053376968439380557e-01,1.099495449462701696e-01
6.651067053680351782e-01,3.179098014710827202e-01,2.197625513038965195e-01,1.192147001911893350e-01
8.218280385254033149e-01,2.971683626719488491e-01,4.844227798004154678e-02,1.831391022231095289e-01
8.326610646996904785e-01,3.214356688929317918e-01,2.766862086582327351e-01,1.159751552808646335e-01
5.606985278281617635e-01,1.937869611799498404e-01,2.574018115444151600e-01,4.810262716565388841e-02
4.656434685988865563e-01,1.815998696262280665e-01,1.488830333469357003e-01,1.224821057069021002e-01
6.088483766165692090e-01,1.911950679041965473e-01,4.059633492716940850e-01,1.967595306543782618e-01
1.675944919869936101e+00,1.292184438344054831e+00,4.143805989595352179e-01,2.130371258162973291e-01
1.385161232013782273e+00,3.903980599977088795e-01,1.841262506138703903e-01,2.699973558249269545e-01
8.428942880470640109e-01,3.949227246149814574e-01,1.921994826605146200e-01,2.026369832240128843e-01
5.299460722957339831e-01,8.572370168191223438e-01,1.118372739733510951e-01,1.281411424643344732e-01
5.049831418767855018e-01,4.112401875137539076e-01,1.158511994309357335e-01,1.192567542135527930e-01
5.846124253504225710e-01,8.397498450103055845e-01,2.033462562264234663e-01,1.272281360250330229e-01
4.283125814523061625e-01,4.081817038437992040e-01,2.280103863834168909e-01,1.464077147077859353e-01
1.404054013157637559e+00,3.869791753186518912e-01,5.843645259286608939e-02,9.054985649698576999e-02
1.276471632132709200e+00,5.642399006725957733e-01,2.764945039163557161e-01,4.830303379118868201e-01
9.650642348061500009e-01,1.587248934616378726e-01,2.070287291370438432e-01,1.657844313654486257e-01
1.106643873938450096e+00,2.847157236461093088e-01,1.440218398416933943e-01,6.223075232471892565e-02
6.185352963001945481e-01,4.619964429241805726e-01,5.544287629573390053e-01,7.542079442348587071e-02
7.302092635030359435e-01,2.124152661032955580e-01,9.177912686895320360e-02,7.422466188332839387e-02
8.696200529571151971e-01,3.499281034099712695e-01,2.638424920956579656e-01,2.072344161520243422e-01
9.184883811465865966e-01,3.460740561074589494e-01,4.095325023396217956e-01,1.889008050452601617e-01
9.978358389214431190e-01,2.638137825057880193e-01,1.660214417620504979e-01,1.756847062065407805e-01
1.920620174711793249e+00,2.651462555153006884e-01,1.233062827234475273e-01,1.208021257812419147e-01
1.690605010566630595e+00,3.043149355061993688e-01,6.612479612190546030e-01,2.041982915048830838e-01
1.296557479640338517e+00,5.384599363551664242e-01,3.598457170197240651e-01,2.673274263179832855e-01
1.065281681655623647e+00,7.690924699452443836e-01,2.495694435051576676e-01,3.409493401260866863e-01
5.769761176570203931e-01,1.536752957480428117e-01,3.480629148615129731e-01,3.229639911765180837e-01
4.943245685337281370e-01,2.435739052756620282e-01,1.236163365077232179e-01,5.203373766141354551e-02
2.057781484854584786e+00,1.073510470514354304e-01,2.155387675364661138e-01,1.337779391162629006e-01
6.753782790949102166e-01,6.108173729138849373e-01,2.221002403299787986e-01,1.140156733818073059e-01
1.017196025434176310e+00,2.599672826387054991e-01,2.570738665099048248e-01,9.020067343201686183e-02
1.468008161315680793e+00,1.521906803592874835e-01,2.227029926849929398e-01,2.455498940424263865e-01
4.470802448447640520e-01,6.722429903628295289e-01,3.840816350660691825e-01,2.089343094927321454e-01
9.758945369493290389e-01,7.617566347252371362e-01,1.615991495817317436e-01,1.232416943675605087e-01
1.926884957962298472e-01,6.188086200068260156e-01,2.349938352360358695e-01,7.783636162728732599e-02
1.865253863023933700e+00,6.841771588611610388e-01,6.022127441503505318e-01,1.656029568964844656e-01
5.392923890424513589e-01,2.002169498965752359e-01,2.435096602744963312e-01,1.215729911712086775e-01
7.725074983493745995e-01,8.128392103655895928e-01,5.376485086397437829e-01,1.617242451640353018e-01
1.187430577277941879e+00,6.836749318616828219e-01,1.386085072549670949e-01,2.224447352895562169e-01
2.090028982310637939e+00,1.740006312561782065e-01,3.006529484533069785e-01,1.701113515808260479e-01
3.600147279645564691e-01,3.670144551341648076e-01,4.156241768141242243e-01,1.335617697967028672e-01
7.545443579445996196e-01,5.722409262658993967e-01,6.359564281732453805e-01,1.898516370951500998e-01
1.126938744812550297e+00,1.366817888087407395e-01,1.256986483577590685e-01,2.902497649435393234e-01
9.469074978631798478e-01,1.117093673293238165e+00,5.142231359866884510e-01,2.329250841992684673e-01
3.324981323115335230e-01,9.905920529799157048e-01,7.727286947469156342e-01,2.199329447087203793e-01
8.023918866625965318e-01,3.821923332266286000e-01,6.039057169749203480e-01,1.493879999559262484e-01
1.390198442305450977e+00,2.721992668474402799e-01,3.429243763783578758e-01,2.257982188489996989e-01
2.356678434045804682e+00,3.274904864938942284e-01,6.055911197153094339e-01,1.205833576117594230e-01
1.424170740247330258e+00,2.328201426508177962e-01,2.198165093600985553e-01,6.408623399138101140e-02
7.393753867263612722e-01,4.794351965605916227e-02,1.642881550442407135e-01,1.238127715827839620e-01
9.596654601005230045e-01,3.729174969685217778e-01,1.848892982799926477e-01,5.052637843843943433e-02
9.111825298594318223e-01,5.678041284229286001e-01,1.315158102912944160e-01,1.373872963842748263e-01
8.144165212536691456e-01,7.845952248496456116e-01,4.795888384944836380e-01,9.681178052738202700e-02
1.384981097444484943e+00,5.304656613907793306e-01,3.264620303687473801e-01,9.174518275467097306e-02
1.027493665730320638e+00,3.194586080417042839e-01,3.035264407183136393e-01,2.612371112580232357e-01
2.318990628973558010e+00,1.020033533101773804e+00,6.627229218330714655e-01,2.581756695953879022e-01
2.576925412616543731e+00,6.212607015542184197e-01,3.563651884108305357e-01,2.525750756733418090e-01
7.882738848957148159e-01,1.085265841586325053e-01,6.906681171174309242e-01,1.662976339705017903e-01
9.699194801150549106e-01,2.618978774797678932e-01,5.188815493484653235e-02,1.127353005429166943e-01
4.880923136738334889e-01,2.356213542004867989e-01,2.725323841243787459e-01,1.871336899346459359e-01
6.960319953053477615e-01,2.045266352252608499e-01,1.178489941207545300e-01,1.407867610535363245e-01
1.074019852763935745e+00,4.487616012851157188e-01,6.430350876667555449e-01,1.519580867659957313e-01
2.167916199328367988e+00,3.769365355653850891e-01,2.919015104332382537e-01,9.296067896496332250e-02
1.508673552372697957e+00,6.244471078341061743e-01,1.337166499412198728e-01,2.298176277669286283e-01
3.687424510717718928e-01,2.312719735981456637e-01,1.797306368009033706e-01,7.857157355521042497e-02
1.016944620421254886e+00,7.915777400696050181e-01,5.074731885947003640e-01,1.644228645668714683e-01
1.189101222398680768e+00,4.785880288110089253e-01,1.351191466697260479e-01,2.087815128288431354e-01
4.011653915022757033e-01,3.192578395587974405e-01,1.594509838458473272e-01,1.559274341506072525e-01
8.787720066246671458e-01,2.219614127373522594e-01,2.882610392513902942e-01,2.195434366947331684e-01
1.006655115442219417e+00,8.142272832130979798e-02,5.327727293215053228e-01,3.034682111893575729e-01
9.982132496082544160e-01,1.530231494760537492e-01,2.670722910368437675e-01,1.376525324307065479e-01
1.245053434541650628e+00,3.319781742820811510e-01,1.672861336538037647e-01,2.362666370421837858e-01
1.224507301522770986e+00,8.232215106363212076e-01,2.299574415685239626e-01,1.700261084999718231e-01
1.483764366157131809e+00,3.427724806728317808e-01,1.722246838850314266e-01,8.615105737044631562e-02
9.232435528892422028e-01,2.076427292762554333e-01,5.357247967602933869e-01,8.183042709519536273e-02
7.363024419531701836e-01,4.684338887236516591e-01,3.190924655886427930e-01,6.803237778652442003e-02
7.812474125738715358e-01,1.753190983021553073e-01,1.567283948452789510e-01,4.647332218169196449e-02
8.705790437222316047e-01,3.841907905610522089e-01,1.296345700545883106e-01,1.301379348929506685e-01
8.694496696513626111e-01,2.492463999460685642e-01,5.210794761013914922e-01,1.574776437049873190e-01
6.512378080132145142e-01,1.221120684907420983e+00,1.195159363681401743e-01,1.287247364029416308e-01
9.031313340702317172e-01,3.103871465379979822e-01,3.819211921363262485e-01,5.840416602445356459e-02
4.619918632371219913e-01,5.736812877691342960e-01,5.165499650280435118e-01,2.458559254351949386e-01
3.239816081702511785e-01,3.774923130959636497e-01,1.356892465758985644e-01,7.041674525481045332e-02
8.278391918377916436e-01,3.566362401083433831e-01,2.934234667261961804e-01,1.600992150656606050e-01
8.251317953262308214e-01,1.022155776499501512e+00,1.695963426751207759e-01,9.671466457695918062e-02
1.005217223505623148e+00,6.428355842490635075e-01,2.077870897035884457e-01,1.940489622212355769e-01
1.759492073557672676e+00,2.568241228597047399e-01,3.501235352800887712e-01,1.687453297900572136e-01
5.288631724679684343e-01,2.916210919613319574e-01,4.848250026313378341e-02,1.102193477609786920e-01
6.419606851590047292e-01,9.239637068476843629e-01,3.385969747138443675e-01,1.615285704891108454e-01
1.315737127899850645e+00,2.698238593332686341e-01,1.694641296957779542e-01,2.930279017441324019e-01
1.503488875597581931e+00,8.143766688491123062e-01,1.172068517849410851e-01,6.802271183958509548e-02
1.240893704410972465e+00,7.534978571266877090e-01,2.292036009784112205e-01,7.271631880093744338e-02
6.778460381129775003e-01,4.007694997607320064e-01,5.162002938027386856e-01,6.035903698729217642e-02
1.402495392002493180e+00,5.294187406435982846e-01,5.343303827443446341e-01,1.916982929056482710e-01
7.485087520034653386e-01,3.264837508926164977e-01,4.543840867796444249e-01,1.027355404459642241e-01
1.262927241203281259e+00,7.996127727324653378e-01,2.960116536292476397e-01,6.275051270083031874e-02
5.104330728007044904e-01,5.126979140192449158e-01,2.134290964899257792e-01,1.166511647659168177e-01
1.719484304309857547e+00,3.466141626047732349e-01,2.672812949851087749e-01,4.241756395280824737e-02
1.002350397649263369e+00,4.748049535755466399e-01,1.811800064008126931e-01,1.752414305008419826e-01
8.634907390918977743e-01,3.940090391414222681e-01,3.905168439127256197e-01,1.676186542242785182e-01
3.796605353523789805e+00,1.208115187305784655e-01,2.608566053370139359e-01,2.750276828540877405e-01
9.427667954352644264e-01,1.000194414937152776e-01,3.185867863073411077e-01,9.660724759487446245e-02
3.261362096000331445e-01,4.666084272832044522e-01,6.609599978867762571e-02,1.100106216366900092e-01
1.121147263051273102e+00,1.133972723348037448e+00,1.744085872942493787e-01,1.210837277018707026e-01
1.077268398336512778e+00,2.122748806800606181e-01,3.036368796903132772e-01,2.936310146125666320e-01
3.370517092808199000e-01,1.244124051529441610e-01,2.441457162585609075e-01,6.982497732895891207e-02
1.804977382661215213e+00,5.108422359034647808e-01,2.803060097065712131e-01,4.732393190200221561e-02
6.073468751242768748e-01,5.367254256392171019e-01,4.139720888075937855e-01,1.900247240801989645e-01
7.729603960849467104e-01,3.421728543391100441e-01,3.008959129025486345e-01,3.242645277857191810e-01
1.230364032061015189e+00,4.639899797667935144e-01,3.408235634583045570e-01,3.242863574669745952e-01
1.106579187741051795e+00,6.034887535386896512e-02,4.001145634477820123e-01,2.213017841304403821e-01
1.484129551924108892e+00,4.389576503134578478e-01,3.695436790444580066e-01,4.409848362436645519e-02
1.066290028420869618e+00,2.375682381041925861e-01,1.319552830286937761e-01,1.965907402208719457e-01
1.334894210508794199e+00,2.580955264945974936e-01,3.809293043259712186e-01,2.254581487313775390e-01
9.064116146303432542e-01,5.897002614681766675e-01,3.033050544080035382e-01,1.172434486677455256e-01
9.209815149573767901e-01,1.597609127328075695e-01,5.234455880176112075e-01,1.408294918574276022e-01
8.024621104880382827e-01,3.175594573945733079e-01,2.839904086923781823e-01,6.368125874129172692e-02
1.443037259950432416e+00,6.645748977129397606e-01,3.741326350682270263e-01,5.320735816346545966e-02
1.150961545013078569e+00,6.274156486429022239e-01,3.050186713229544599e-01,1.606694058921284696e-01
7.231812072834186145e-01,2.835157804972075479e-01,9.968399681869560824e-02,2.264464278352753823e-01
2.012756400079056263e-01,4.925387173680697006e-01,3.605247660208448779e-01,1.394004066785799467e-01
8.001552329304014721e-01,4.026302156569473989e-01,8.310474100808534770e-01,9.453989406912395588e-02
1.156037000314884988e+00,5.882187003346204257e-01,2.004537015005562473e-01,1.124775998552859368e-01
6.203184096149424454e-01,8.615591089543286341e-01,1.820347840160206621e-01,1.383487580688090579e-01
1.508819745374924137e+00,3.202020794939232640e-01,5.426278520690418494e-01,2.330127144614410895e-01
1.003024136110624909e+00,2.640483302643686359e-01,3.732824819891058521e-01,9.829538750540912917e-02
1.122571981637324745e+00,3.658251619104569419e-01,1.753809152187469078e-01,3.870355574420243638e-02
7.735834272293963254e-01,5.600880767861126097e-01,4.309161102141991218e-01,1.169980370039864076e-01
6.040959595636233859e-01,1.605726374305460336e-01,6.901702805114121597e-01,1.041166550611585390e-01
8.371864654722773746e-01,2.110679730675806276e-01,2.214891903145709828e-01,1.488730189997589382e-01
1.825310301269954527e+00,9.184184568143374250e-01,1.330217672873162671e-01,1.509698667819706908e-01
5.976689165481310351e-01,1.040904773941025763e+00,2.497088136981966411e-01,1.525020504755119632e-01
1.304842979335115283e+00,2.674935972744262314e-01,4.998886616949522743e-01,3.307701882283670125e-01
1.840602509699938549e+00,5.609616603480390706e-01,3.448247178171315874e-01,1.992691161579547288e-01
1.234972101627064056e+00,8.368251017418126825e-01,6.177645488626686276e-01,3.113081833896848560e-01
4.086931933877642198e-01,2.577551291000811928e-01,2.070067559155328030e-01,7.239013301657229449e-02
2.510202491796447610e+00,7.150622320923895048e-01,3.081671438359913640e-01,1.458743511622457578e-01
1.737223404857923592e+00,3.444434397423755123e-01,1.888261335432935839e-01,1.732252005091546587e-01
1.646045492815143341e+00,5.630849798579667942e-01,3.327694955293682977e-01,1.237597062467934161e-01
1.893455181064388704e+00,5.813032142583396400e-01,3.543376276960046312e-01,1.760366695352977850e-01
5.706331406284410601e-01,2.063552477035001387e-01,4.038832845307779862e-01,1.540386804987024238e-01
9.362674878076604479e-01,2.271696645097419365e-01,3.512887302192385097e-01,8.911117297109320823e-02
1.176659105512908532e+00,2.610633640268865130e-01,4.561678710100146028e-01,7.533755051772193789e-02
1.046266087589336147e+00,2.258785390399039306e-01,5.042247797333411219e-01,1.525080588521015579e-01
8.149578661871335061e-01,4.519046799226478783e-01,2.814684332968740432e-01,1.720517288272241097e-01
8.071165763863641374e-01,4.167609029797791353e-01,2.905017993581035518e-01,1.985556861902630643e-01
1.773483332654559597e+00,2.652815804234459063e-01,3.818417049023012377e-01,8.922190467140383996e-02
8.969752573651544880e-01,6.566108000964862024e-01,1.766367299214251785e-01,2.216154441576992096e-01
7.960450925492392749e-01,4.230589507092974988e-01,4.469849441379292743e-01,8.978459577961761529e-02
4.636979778017261689e-01,2.892277671261934135e-01,1.517193164316276432e-01,1.845775207757074654e-01
1.538574405558165159e+00,1.196290191757451549e+00,1.156697594837224480e-01,9.345869366849358928e-02
1.133849476997859984e+00,3.600023057050864006e-01,3.465331273620055885e-01,1.395978336897080452e-01
1.001038894363186271e+00,4.735453437799839738e-01,2.983344643122241568e-01,1.596835843215556883e-01
2.808194385577270857e+00,8.297363162469224562e-01,5.836839262817509200e-01,1.958608044155588368e-01
6.542781109413119411e-01,4.804154961490041398e-01,1.808911256754684171e-01,2.561026445543015395e-01
6.891789910108668815e-01,1.649205973434278993e-01,3.876356420233329492e-01,7.555979816917353376e-02
8.568091876755739023e-01,3.435357446816763582e-01,2.064745829283230749e-01,3.746425878993860786e-02
4.609842703897423233e-01,6.461469237047285930e-01,3.242300676430713846e-01,1.742557685007708190e-01
1.666320787444401486e+00,3.841542679662167670e-01,1.688328379308387250e-01,2.138901863781974277e-01
7.283682271638197703e-01,2.606367947498686721e-01,1.777625480588570228e-01,8.568602770167334237e-02
1.150072161806559912e+00,3.465741768433048264e-01,2.796771537634317739e-01,9.106686608548780759e-02
1.006640258908221508e+00,2.931264159694805804e-01,1.935969900474960315e-01,2.493559378474754507e-01
9.769712380931002693e-01,3.415105375400508958e-01,2.200371301049370010e-01,9.681530989653473751e-02
9.439134590052161711e-01,5.064646409444937269e-01,5.180475367040006107e-01,2.613631544381101457e-01
1.357785261492718387e+00,8.062430137067795322e-01,2.287302765361051704e-01,2.087581037783645677e-01
8.063543487481238392e-01,4.745164198358741703e-01,2.743605638292153648e-01,7.906159719193861513e-02
1.047871072518436808e+00,3.132108583659375389e-01,3.046513925988240667e-01,4.395411156460298646e-02
1.853873078289754117e+00,1.940082006561708594e-01,7.711128515195223576e-01,2.558178965687935014e-01
4.745355546851217077e-01,2.050117709233838792e-01,1.582665370028398244e-01,9.932783345181737944e-02
2.148721074614129700e-01,2.756302864372230377e-01,6.673181702458357289e-01,8.331401337559665721e-02
7.382173751888136959e-01,2.249308851089769357e-01,2.297374294949464102e-01,5.012745905075854935e-02
1.157022941981275421e+00,8.274595528062879124e-01,3.030154456735340007e-01,9.143256640152337689e-02
3.944967904902709210e-01,3.834175825221528555e-01,2.368301198625343273e-01,3.761438768667289545e-01
1.181814758459742043e+00,2.867611201696233514e-01,4.181684220919043571e-01,1.248068278832926842e-01
9.891143126876813518e-01,2.007615471766272253e-01,4.375021004710452077e-01,8.460716313714543302e-02
7.827535685644283481e-01,1.034026937370035315e-01,1.858186233330647030e-01,7.580244292205075285e-02
8.218843327848939229e-01,3.051739848568842950e-01,4.656066252447182419e-01,1.592528074031636098e-01
9.752820219190477813e-01,2.155054160929448237e-01,3.297703547319119077e-01,1.167891757349237003e-01
8.803231696341676793e-01,4.727915571870993094e-01,1.580347762344996576e-01,5.666973328298278295e-02
9.453063313549786573e-01,5.515136189001588196e-01,6.465408706981505826e-01,6.727157993169384509e-02
1.251318618058084864e+00,3.867814789408350329e-01,1.320308350047114943e-01,7.339335775481940771e-02
8.166703337663661078e-01,2.010910274890755634e-01,2.012575088691788694e-01,1.172580710924771979e-01
5.072936571314876630e-01,5.822644426079031099e-01,4.325138397930896605e-01,1.025542049880158318e-01
7.064592220738055151e-01,5.619112802519824479e-01,2.303794398249010000e-01,4.890599291356124978e-02
8.717148841523342240e-01,3.261453577244893820e-01,2.418508389705945061e-01,6.590654208120354240e-02
1.502126240577241312e+00,5.399004806173745008e-01,2.562233579827256080e-01,2.629545755444672173e-01
1.227401720679828889e+00,4.804197129797723731e-01,2.320590824699753085e-01,3.898317874265750521e-02
1.052152465127317083e+00,8.282963008883931222e-01,2.280075660824335271e-01,1.624703063050932927e-01
2.677104614595661181e-01,6.293056225677811089e-01,1.996152580922222197e-01,8.890582764027415985e-02
4.676110626997689312e-01,3.789352999106543329e-01,8.420590796430964253e-02,1.860156995095280374e-01
1.138802448927677569e+00,1.905708987201421567e-01,2.604705700410896996e-01,1.333035653541266019e-01
5.844271653226673635e-01,2.116444205986316440e-01,3.722635106572556030e-01,2.501210445769750934e-01
1.591005228261287208e+00,3.029477437542005824e-01,1.185114499703533997e-01,3.316776483352241733e-01
4.532641072045427988e-01,3.784750206312516019e-01,1.604564757883119863e-01,1.536760711732570728e-01
7.593628897525680488e-01,2.006167840762190790e-01,1.184746515189927102e-01,3.085477936247785213e-01
1.724198713394707649e+00,3.813936032119475961e-01,3.227591746749655655e-01,1.751855074687209968e-01
5.427812631968734758e-01,4.288631613910059981e-01,9.283766375992220932e-02,1.560907695906469383e-01
1.095203073676020100e+00,5.249750729628491763e-01,2.022067091329229904e-01,6.608594713434667867e-02
3.833449357189992468e-01,4.226829784748784014e-01,2.850239869692268169e-01,2.441333481729518751e-01
6.982499968761779474e-01,8.586734795789371932e-02,5.310622520118405548e-02,6.964624082506863656e-02
1.057851029663956277e+00,3.087054538007186766e-01,2.156478191077843831e-01,6.619856047014949230e-02
9.487868317545543606e-01,3.574837133776906373e-01,3.391186450586179957e-01,1.507218678954616309e-01
1.478786695257926276e+00,6.699212370572050768e-01,1.633062384727270444e-01,1.283158318033072176e-01
1.224548082112814074e+00,2.823314566103361511e-01,4.311380751812407541e-01,2.289693218846762524e-01
6.379220165155061739e-01,4.011922147261782201e-01,8.917704419767823187e-02,9.342672953487009269e-02
1.409573415596450774e+00,7.080432186539087347e-01,1.673179978507319532e-01,1.008584540101937765e-01
1.057716973521166670e+00,5.951795626806614115e-01,3.248765354341173195e-01,1.440637794837682784e-01
9.773976181239105721e-01,5.589605760297118309e-01,5.072876490648888792e-01,1.346141964940711366e-01
1.042717356276787521e+00,3.940871574579534742e-01,2.448048514555573874e-01,7.190554268056582876e-02
1.615824310379727180e+00,5.951469049620518037e-01,5.294462741972294495e-01,2.876447632925979159e-01
1.043900867168577662e+00,1.015189924350327066e+00,3.939517962058237122e-01,1.427082818344785620e-01
1.005604412281881688e+00,4.992142099034036495e-01,6.816619026091036426e-01,7.933301325096080159e-02
5.508496201775932022e-01,4.679513495662135925e-01,1.111400351648215018e-01,1.295013223166240068e-01
1.099881983735663038e+00,5.813620964929139268e-01,6.112648663510011904e-01,2.193247856420315056e-01
1.377783199948034998e+00,1.475586796247005728e+00,8.898260543043504667e-01,8.459836179841112580e-02
1.509027717889394049e+00,7.053745192042061296e-01,2.632261425118296305e-01,3.971824009399150396e-02
9.481558760722992307e-01,7.247915966434370638e-01,4.319268318052029709e-01,3.590478391572408667e-01
5.144961340135265626e-01,5.455387311175253773e-01,3.905167143265423912e-01,2.595348191207191846e-01
8.708588617265041742e-01,7.946419207668560247e-01,1.223990264609982503e+00,6.446881883241301070e-02
1.731133521298552580e+00,4.981109807913018939e-01,5.422813558022437919e-01,1.367954827586133348e-01
5.880809632928190034e-01,2.310572946391849791e-01,1.132593374935056130e-01,9.893959546721381448e-02
5.881639035181642772e-01,1.958807415106635641e-01,6.178459061112105688e-02,1.795735731523010748e-01
1.535584504499615033e+00,3.543801199319372430e-01,2.085404428095461171e-01,2.131095829612592307e-01
7.156267544560377392e-01,5.808999527725116074e-01,1.417875653957081650e-01,1.195094630819412834e-01
6.978830463257822414e-01,7.322726009111724110e-02,2.903822091898040636e-01,5.237000906921935456e-02
7.293753921382765126e-01,1.531913007172327756e-01,5.470299695749689661e-01,1.237489237089036687e-01
8.733697202523188485e-01,3.044177304943003204e-01,1.376046438354007195e-01,2.005362503264085938e-01
3.795945884461907616e-01,1.903307559308136387e-01,1.476823041507074052e-01,8.013079917177989842e-02
2.038105347401707679e+00,1.325277796470197389e+00,6.824643779359751417e-01,1.717253294982147849e-01
7.952360238511190227e-01,4.971263616367606053e-01,3.102911486184486423e-01,1.000511840764839733e-01
5.499077273952085454e-01,2.553394967958442230e-01,2.229516179674123355e-01,6.876382968196989576e-02
1.238915591060944621e+00,7.750332107722643915e-01,3.193245830614413472e-01,3.434702863866262446e-01
3.094484126217065811e-01,1.587011679702708955e-01,1.042559903769198770e-01,1.670961798601166004e-01
1.127017942818809626e+00,5.381751828499666823e-01,3.409825907440969806e-01,8.493082233649637547e-02
8.192348387726698933e-01,1.568073797069426956e-01,4.480789487429530649e-01,4.882798487919930847e-02
1.716729553795619312e+00,1.059173156784353420e+00,3.235587120357866775e-01,1.421752864516800663e-01
8.547757416848501544e-01,1.859903860871319203e-01,2.261866217087011577e-01,2.511408307378200089e-01
1.040252807682723990e+00,5.355725267038315973e-01,1.327214682575743043e-01,9.337718820417931220e-02
7.002114356130598738e-01,2.906745518061035205e-01,5.247143051026987859e-01,3.702914624376544839e-01
1.690991285023219159e+00,1.310462820522987348e-01,2.408347215140036746e-01,1.080704983374360800e-01
1.301553933086469161e+00,7.039902614538506853e-01,2.480392048622492573e-01,3.847730955586060181e-02
6.945304638763519778e-01,5.383736749769362229e-01,1.724687682927144028e-01,1.117397395027717039e-01
9.548620574501619496e-01,2.879741985514878144e-01,3.188379191846950622e-01,2.255511015497117799e-01
1.791555069266987266e+00,1.222234800830736656e+00,7.201565950284879447e-01,2.131211167484354241e-01
5.745739619434666601e-01,4.146149059242707491e-01,2.952218965404492246e-01,1.210907935718924938e-01
1.333953641550187141e+00,5.436405651791966775e-01,2.093583004547305282e-01,9.791686975940530613e-02
6.854646861326932905e-01,3.061677603148776905e-01,3.239356824311835914e-01,4.495948875975734615e-02
1.437673207027435840e+00,5.717569982284174124e-01,1.540665496424773739e-01,1.960615988309666047e-01
1.377591735894331704e+00,9.954491229757146398e-01,5.729012282165393266e-01,2.217584248208311903e-01
8.568975125616256072e-01,2.337251194660433240e-01,1.845811465210124291e-01,1.537869085248140255e-01
9.742728905841284703e-01,7.878439713006565315e-01,3.665438944117800357e-01,8.239856335049776381e-02
7.718890679181420467e-01,3.075547334577234948e-01,2.148659039177632513e-01,7.259224395158551946e-02
1.272165943430814572e+00,1.703285951078241656e-01,2.231057744427418776e-01,4.837379834527517908e-02
1.205698173030789411e+00,4.244393064286389183e-01,4.331555485228227309e-01,7.323742317496539922e-02
1.862899519052407138e+00,4.396166664271908275e-01,6.261700223662778342e-01,7.986427202064097508e-02
1.423783578534191241e+00,3.737226559661447345e-01,2.184129473732082383e-01,2.922580283902436737e-01
1.672571780530332841e+00,7.881576313787260757e-01,5.917347556907284201e-01,3.130919463698848548e-01
9.346757437065770224e-01,3.527866384364299890e-01,4.231293976604852403e-01,2.913024248075423706e-01
1.991920953143908823e+00,7.658591222282680189e-01,2.630131406080349898e-01,2.012073647915413599e-01
1.136650086518393943e+00,1.409222913865559867e-01,5.862111701470357206e-02,5.516144302840100128e-02
